"ID","X","Y","Z"
1,4443.364,5873.687,4260.5
1,4426.4,5890.919,4260.5
1,4436.848,5900.54,4260.5
1,4447.534,5894.339,4260.5
1,4448.633,5881.771,4260.5
1,4459.591,5865.844,4260.5
2,4638.506,5713.353,4260.5
2,4597.309,5710.589,4260.5
2,4575.782,5666.93,4260.5
2,4581.219,5621.96,4260.5
2,4589.721,5629.142,4260.5
2,4586.457,5651.696,4260.5
2,4586.753,5671.876,4260.5
2,4593.282,5683.722,4260.5
2,4601.568,5692.231,4260.5
2,4608.733,5700.293,4260.5
2,4629.559,5704.995,4260.5
2,4643.902,5705.664,4260.5
3,3105.811,5991.079,4560.5
3,3098.671,6011.556,4560.5
3,3087.367,6012.707,4560.5
3,3074.768,5998.76,4560.5
3,3066.651,5992.24,4560.5
3,3056.128,5985.094,4560.5
3,3052.536,5979.905,4560.5
3,3048.944,5976.1,4560.5
3,3048.085,5972.236,4560.5
3,3042.718,5966.869,4560.5
3,3037.566,5961.502,4560.5
3,3033.916,5955.383,4560.5
3,3028.549,5948.084,4560.5
3,3024.015,5943.899,4560.5
3,3044.245,5930.48,4560.5
3,3046.537,5933.664,4560.5
3,3068.335,5946.488,4560.5
3,3082.373,5966.445,4560.5
3,3090.449,5971.75,4560.5
3,3099.249,5977.607,4560.5
3,3103.669,5986.853,4560.5
4,3892.198,6206.28,4290.5
4,3981.329,6282.12,4290.5
4,4037.224,6291.89,4290.5
4,4037.497,6288.627,4290.5
4,3990.194,6276.734,4290.5
4,3965.058,6260.648,4290.5
4,3954.305,6251.098,4290.5
4,3949.513,6240.655,4290.5
4,3957.5,6224.682,4290.5
4,3972.858,6216.819,4290.5
4,3983.67,6222.839,4290.5
4,3995.833,6235.494,4290.5
4,4046.562,6257.358,4290.5
4,4058.306,6247.897,4290.5
4,4002.486,6232.506,4290.5
4,3975.058,6212.733,4290.5
4,3961.979,6215.492,4290.5
4,3944.185,6208.882,4290.5
4,3908.399,6206.279,4290.5
5,3289.416,6278.148,4560.5
5,3283.956,6302.65,4560.5
5,3290.518,6302.802,4560.5
5,3303.394,6302.389,4560.5
5,3320.415,6275.08,4560.5
5,3330.285,6232.379,4560.5
5,3320.067,6220.897,4560.5
5,3297.44,6202.143,4560.5
5,3295.498,6227.253,4560.5
5,3272.618,6238.138,4560.5
5,3251.337,6248.262,4560.5
6,3723.207,5533.539,3945.5
6,3747.314,5528.49,3945.5
6,3741.198,5522.206,3945.5
6,3751.648,5511.804,3945.5
6,3767.151,5529.577,3945.5
6,3779.424,5534.113,3945.5
6,3779.747,5521.24,3945.5
6,3770.435,5514.168,3945.5
6,3790.432,5494.083,3945.5
6,3780.456,5483.003,3945.5
6,3765.823,5497.492,3945.5
6,3747.299,5479.065,3945.5
6,3714.241,5485.841,3945.5
6,3710.759,5496.533,3945.5
6,3727.23,5512.463,3945.5
6,3714.255,5524.043,3945.5
7,4785.554,5703.653,4260.5
7,4774.514,5695.653,4260.5
7,4755.787,5724.973,4260.5
7,4744.047,5740.11,4260.5
7,4736.296,5752.919,4260.5
7,4729.384,5765.138,4260.5
7,4738.979,5771.944,4260.5
8,3457.243,6331.971,4575.5
8,3454.255,6333.421,4575.5
8,3449.799,6329.005,4575.5
8,3436.44,6348.8,4575.5
8,3420.917,6349.594,4575.5
8,3411.149,6354.333,4575.5
8,3465.564,6386.875,4575.5
8,3518.527,6432.575,4575.5
8,3522.365,6416.99,4575.5
8,3522.204,6405.816,4575.5
8,3519.223,6400.035,4575.5
8,3508.125,6389.489,4575.5
8,3502.712,6380.902,4575.5
8,3483.942,6364.177,4575.5
8,3478.573,6356.285,4575.5
8,3464.457,6341.703,4575.5
9,3412.576,4509.666,4155.5
9,3405.188,4493.369,4155.5
9,3394.416,4482.813,4155.5
9,3394.516,4475.288,4155.5
9,3398.553,4474.845,4155.5
9,3432.283,4472.838,4155.5
9,3442.335,4473.187,4155.5
9,3507.954,4462.28,4155.5
9,3515.941,4478.498,4155.5
9,3509.51,4490.845,4155.5
9,3503.095,4503.161,4155.5
9,3424.491,4506.63,4155.5
10,3150.612,6070.073,4560.5
10,3157.281,6049.548,4560.5
10,3140.476,6030.94,4560.5
10,3121.02,6039.414,4560.5
11,4048.961,5395.665,3885.5
11,4052.772,5398.866,3885.5
11,4054.711,5397.232,3885.5
11,4063.265,5406.325,3885.5
11,4058.133,5408.977,3885.5
11,4052.755,5403.811,3885.5
11,4047.418,5399.531,3885.5
12,3914.241,5801.592,3945.5
12,3905.251,5790.073,3945.5
12,3886.258,5784.952,3945.5
12,3890.212,5771.663,3945.5
12,3941.101,5785.896,3945.5
12,3935.979,5805.729,3945.5
13,3770.993,5681.293,3945.5
13,3773.896,5664.771,3945.5
13,3761.266,5650.588,3945.5
13,3733.356,5643.6,3945.5
13,3725.438,5651.117,3945.5
13,3713.043,5645.79,3945.5
13,3704.001,5650.439,3945.5
13,3733.989,5683.885,3945.5
13,3747.247,5676.411,3945.5
13,3762.726,5672.649,3945.5
14,4149.312,3145.598,4590.5
14,4218.881,3128.818,4590.5
14,4277.973,3126.037,4590.5
14,4318.277,3154.053,4590.5
14,4352.191,3190.916,4590.5
14,4363.987,3215.983,4590.5
14,4370.376,3246.456,4590.5
14,4363.004,3249.897,4590.5
14,4344.818,3251.371,4590.5
14,4330.305,3257.394,4590.5
14,4313.319,3266.831,4590.5
14,4279.66,3257.709,4590.5
14,4259.843,3247.328,4590.5
14,4237.509,3234.431,4590.5
14,4209.682,3223.19,4590.5
14,4211.277,3231.917,4590.5
14,4211.497,3248.882,4590.5
14,4218.309,3266.898,4590.5
14,4217.923,3295.103,4590.5
14,4215.194,3315.571,4590.5
14,4209.397,3328.32,4590.5
14,4219.905,3378.686,4590.5
14,4215.308,3425.724,4590.5
14,4261.363,3446.311,4590.5
14,4414.636,3377.887,4590.5
14,4414.921,3377.76,4590.5
14,4382.832,3328.627,4590.5
14,4379.42,3321.463,4590.5
14,4377.584,3307.169,4590.5
14,4374.92,3232.656,4590.5
14,4371.417,3217.519,4590.5
14,4364.81,3202.783,4590.5
14,4357.149,3189.514,4590.5
14,4326.413,3154.096,4590.5
14,4313.566,3142.332,4590.5
14,4299.271,3132.506,4590.5
14,4280.7,3121.396,4590.5
14,4275.966,3119.979,4590.5
14,4229.991,3120.088,4590.5
14,4161.482,3136.272,4590.5
14,4143.29,3138.572,4590.5
14,4101.968,3147.51,4590.5
14,4093.284,3147.318,4590.5
14,4089.596,3147.974,4590.5
14,4108.622,3238.413,4590.5
14,4123.619,3309.701,4590.5
14,4127.583,3309.243,4590.5
14,4100.858,3176.692,4590.5
14,4108.68,3169.252,4590.5
14,4119.553,3161.622,4590.5
14,4124.895,3152.465,4590.5
14,4136.34,3146.552,4590.5
15,3972.01,5818.486,3945.5
15,3986.961,5803.478,3945.5
15,3990.642,5807.294,3945.5
15,3979.268,5819.803,3945.5
16,4458.556,5844.36,4260.5
16,4469.627,5851.258,4260.5
16,4459.591,5865.844,4260.5
16,4443.364,5873.687,4260.5
16,4426.4,5890.919,4260.5
16,4436.848,5900.54,4260.5
16,4447.534,5894.339,4260.5
16,4448.633,5881.771,4260.5
16,4455.177,5897.2,4260.5
16,4508.688,5900.804,4260.5
16,4498.524,5915.187,4260.5
16,4496.056,5920.679,4260.5
16,4423.946,5919.289,4260.5
16,4424.875,5900.33,4260.5
16,4411.979,5899.949,4260.5
16,4408.116,5913.225,4260.5
16,4399.678,5918.821,4260.5
16,4394.245,5918.716,4260.5
16,4422.612,5883.004,4260.5
16,4436.666,5856.54,4260.5
16,4444.417,5861.321,4260.5
17,3607.62,5390.063,3960.5
17,3606.158,5395.951,3960.5
17,3607.894,5397.887,3960.5
17,3611.765,5397.041,3960.5
17,3615.053,5391.775,3960.5
18,3109.302,4887.246,4035.5
18,3087.646,4914.838,4035.5
18,3127.076,4976.563,4035.5
18,3136.694,4967.094,4035.5
18,3136.565,4953.844,4035.5
18,3136.307,4930.907,4035.5
18,3127.099,4916.36,4035.5
18,3117,4899.841,4035.5
19,3934.447,5811.67,3945.5
19,3854.769,5797.213,3945.5
19,3858.09,5789.626,3945.5
19,3865.819,5768.002,3945.5
19,3903.79,5759.994,3945.5
19,3917.645,5771.125,3945.5
19,3964.641,5761.464,3945.5
19,3941.101,5785.896,3945.5
19,3890.212,5771.663,3945.5
19,3886.258,5784.952,3945.5
19,3905.251,5790.073,3945.5
19,3914.241,5801.592,3945.5
19,3935.979,5805.729,3945.5
20,3646.017,5276.008,3975.5
20,3648.271,5279.508,3975.5
20,3624.948,5294.134,3975.5
20,3611.559,5304.029,3975.5
20,3607.436,5301.422,3975.5
21,4331.341,6233.338,4275.5
21,4336.344,6228.249,4275.5
21,4367.473,6218.166,4275.5
21,4411.703,6210.977,4275.5
21,4445.694,6204.011,4275.5
21,4446.236,6208.187,4275.5
21,4445.164,6208.977,4275.5
22,3215.741,4997.707,4050.5
22,3217.75,4996.918,4050.5
22,3217.764,5000.943,4050.5
22,3217.769,5002.524,4050.5
22,3208.034,5002.524,4050.5
23,4677.665,4922.718,4260.5
23,4680.101,4918.084,4260.5
23,4670.608,4898.501,4260.5
23,4607.49,4810.723,4260.5
23,4603.672,4816.3,4260.5
23,4613.309,4830.404,4260.5
23,4618.507,4840.279,4260.5
23,4628.461,4851.984,4260.5
23,4650.95,4877.87,4260.5
23,4669.867,4904.097,4260.5
24,2785.594,5799.966,4560.5
24,2788.313,5796.075,4560.5
24,2782.788,5784.366,4560.5
24,2774.388,5769.289,4560.5
24,2765.084,5752.007,4560.5
24,2744.664,5715.441,4560.5
24,2738.339,5699.449,4560.5
24,2732.681,5691.528,4560.5
24,2729.286,5683.768,4560.5
24,2722.011,5669.056,4560.5
24,2706.453,5641.793,4560.5
24,2704.455,5635,4560.5
24,2700.134,5627.041,4560.5
24,2696.694,5620.767,4560.5
24,2681.717,5591.623,4560.5
24,2650.893,5532.362,4560.5
24,2639.025,5510.193,4560.5
24,2633.657,5499.553,4560.5
24,2623.467,5479.028,4560.5
24,2618.077,5480.121,4560.5
25,3864.17,5653.598,3945.5
25,3854.174,5663.737,3945.5
25,3836.875,5646.323,3945.5
25,3818.537,5635.549,3945.5
25,3829.512,5619.373,3945.5
25,3856.775,5647.821,3945.5
26,4117.409,4623.953,4260.5
26,4121.764,4623.941,4260.5
26,4102.264,4606.244,4260.5
26,4092.031,4594.718,4260.5
26,4084.401,4587.937,4260.5
26,4082.863,4591.716,4260.5
26,4088.602,4595.969,4260.5
26,4100.405,4608.256,4260.5
27,4715.531,5037.378,4260.5
27,4720.886,5031.651,4260.5
27,4723.851,5026.035,4260.5
27,4724.163,5020.887,4260.5
27,4722.135,5014.024,4260.5
27,4718.859,5008.096,4260.5
27,4713.555,4998.736,4260.5
27,4688.067,4946.685,4260.5
27,4677.665,4922.718,4260.5
27,4680.101,4918.084,4260.5
27,4730.024,5021.076,4260.5
27,4719.042,5039.019,4260.5
27,4716.139,5040.439,4260.5
28,3829.512,5619.373,3945.5
28,3840.802,5627.42,3945.5
28,3855.737,5622.788,3945.5
28,3870.825,5631.586,3945.5
28,3860.04,5648.378,3945.5
28,3864.17,5653.598,3945.5
28,3856.775,5647.821,3945.5
29,4884.264,6294.042,4455.5
29,4880.094,6291.162,4455.5
29,4897.499,6274.475,4455.5
29,4906.564,6263.592,4455.5
29,4920.026,6244.438,4455.5
29,4932.171,6235.204,4455.5
29,4957.714,6201.412,4455.5
29,4973.508,6185.208,4455.5
29,4981.381,6174.048,4455.5
29,4993.378,6159.352,4455.5
29,4995.428,6160.659,4455.5
29,4952.119,6217.889,4455.5
30,3818.998,5525.808,3945.5
30,3850.397,5560.763,3945.5
30,3845.233,5566.364,3945.5
30,3840.243,5558.884,3945.5
30,3834.356,5549.23,3945.5
30,3826.154,5537.291,3945.5
30,3817.143,5528.511,3945.5
31,3947.839,5669.238,3945.5
31,3938.106,5699.439,3945.5
31,3989.572,5662.605,3945.5
31,3952.664,5621.442,3945.5
31,3944.712,5632.334,3945.5
31,3974.865,5657.736,3945.5
31,3959.807,5673.318,3945.5
31,3932.239,5645.751,3945.5
31,3927.581,5646.645,3945.5
32,3259.273,6371.761,4590.5
32,3332.501,6371.586,4590.5
32,3336.773,6374.202,4590.5
32,3338.774,6372.808,4590.5
32,3333.675,6369.309,4590.5
32,3260.588,6367.649,4590.5
33,3064.123,6305.413,4590.5
33,3065.072,6304.467,4590.5
33,3067.626,6307.224,4590.5
33,3067.285,6309.567,4590.5
34,3489.969,5136.944,4005.5
34,3472.26,5119.07,4005.5
34,3478.946,5108.589,4005.5
34,3493.423,5129.34,4005.5
35,3218.77,6143.541,4560.5
35,3196.336,6119.059,4560.5
35,3193.65,6127.572,4560.5
35,3203.603,6142.016,4560.5
35,3210.952,6151.882,4560.5
36,4494.188,4824.696,4245.5
36,4527.397,4801.807,4245.5
36,4461.103,4703.727,4245.5
36,4454.259,4700.912,4245.5
36,4451.776,4712.716,4245.5
36,4462.267,4730.499,4245.5
36,4441.126,4751.467,4245.5
37,4498.337,6148.495,4275.5
37,4503.813,6154.045,4275.5
37,4479.939,6158.788,4275.5
37,4477.099,6155.973,4275.5
37,4483.997,6154.744,4275.5
38,3154.616,6419.068,4590.5
38,3191.713,6386.479,4590.5
38,3184.458,6380.776,4590.5
38,3170.214,6393.509,4590.5
38,3157.118,6400.057,4590.5
38,3148.853,6401.559,4590.5
38,3136.901,6397.797,4590.5
38,3129.916,6402.602,4590.5
39,4595.185,5318.079,4260.5
39,4593.326,5315.029,4260.5
39,4614.994,5293.563,4260.5
39,4627.05,5301.316,4260.5
39,4615.723,5304.737,4260.5
40,3011.257,6246.383,4590.5
40,3006.68,6238.644,4590.5
40,3001.621,6229.593,4590.5
40,2996.764,6230.741,4590.5
41,3284.208,5024.249,4020.5
41,3293.757,5014.865,4020.5
41,3281.35,4998.943,4020.5
41,3271.944,5010.638,4020.5
42,3259.537,4604.083,4155.5
42,3257.381,4602.788,4155.5
42,3267.243,4590.368,4155.5
42,3269.622,4592.024,4155.5
43,4628.699,6112.84,4290.5
43,4604.216,6135.807,4290.5
43,4601.062,6132.841,4290.5
43,4604.716,6129.71,4290.5
43,4608.906,6125.181,4290.5
43,4612.302,6122.803,4290.5
43,4620.05,6113.861,4290.5
43,4625.895,6110.016,4290.5
44,3177.774,6311.856,4575.5
44,3173.472,6311.004,4575.5
44,3122.85,6276.225,4575.5
44,3125.699,6276.609,4575.5
44,3145.061,6289.213,4575.5
44,3174.818,6308.315,4575.5
44,3177.417,6310.531,4575.5
45,3290.009,4534.574,4155.5
45,3304.702,4524.06,4155.5
45,3290.847,4510.222,4155.5
45,3277.942,4520.981,4155.5
46,3850.073,5750.32,3945.5
46,3852.771,5753.35,3945.5
46,3840.577,5765.39,3945.5
46,3824.763,5760.931,3945.5
46,3812.235,5771.133,3945.5
46,3805.455,5763.563,3945.5
46,3813.449,5762.046,3945.5
46,3824.592,5758.861,3945.5
46,3834.958,5757.846,3945.5
46,3841.656,5756.431,3945.5
47,4531.066,4944.37,4245.5
47,4519.563,4899.327,4245.5
47,4588.541,4875.651,4245.5
47,4608.268,4902.661,4245.5
47,4593.307,4938.163,4245.5
48,3976.608,5611.888,3960.5
48,3980.682,5611.275,3960.5
48,3972.215,5594.744,3960.5
48,3962.083,5582.7,3960.5
48,3933.873,5530.541,3960.5
48,3916.559,5505.5,3960.5
48,3915.326,5506.417,3960.5
48,3931.366,5534.307,3960.5
48,3954.087,5578.507,3960.5
48,3959.573,5583.851,3960.5
48,3969.478,5595.964,3960.5
49,3606.795,5619.018,3960.5
49,3614.611,5627.409,3960.5
49,3627.228,5613.528,3960.5
50,3194.139,4644.289,4155.5
50,3195.295,4640.798,4155.5
50,3191.109,4642.064,4155.5
50,3191.672,4642.478,4155.5
51,2659.729,4427.413,4159
51,2657.267,4434.31,4159
51,2652.638,4442.077,4159
51,2646.728,4449.801,4159
51,2649.844,4453.097,4159
51,2652.717,4458.523,4159
51,2702.372,4462.653,4159
51,2660.271,4421.923,4159
52,3505.125,4871.135,3885.5
52,3506.601,4870.558,3885.5
52,3505.837,4869.685,3885.5
53,2966.931,6211.545,4605.5
53,2973.847,6204.596,4605.5
53,2966.343,6196.647,4605.5
53,2965.182,6202.225,4605.5
53,2963.256,6207.436,4605.5
54,3611.559,5304.029,3975.5
54,3607.436,5301.422,3975.5
54,3607.436,5301.422,3975.5
54,3608.739,5305.65,3975.5
55,4637.528,5262.995,4260.5
55,4635.004,5252.208,4260.5
55,4630.93,5238.484,4260.5
55,4627.698,5241.592,4260.5
55,4636.994,5278.494,4260.5
56,3011.796,6216.187,4560.5
56,3046.472,6251.638,4560.5
56,3048.008,6250.139,4560.5
56,3037.471,6239.443,4560.5
56,3014.475,6213.502,4560.5
57,4408.116,5913.225,4260.5
57,4411.979,5899.949,4260.5
57,4424.875,5900.33,4260.5
57,4423.946,5919.289,4260.5
57,4399.678,5918.821,4260.5
58,3215.08,6244.426,4560.5
58,3237.726,6233.653,4560.5
58,3239.23,6212.77,4560.5
58,3222.227,6204.337,4560.5
58,3206.486,6226.323,4560.5
59,2859.007,5633.909,4545.5
59,2825.925,5690.258,4545.5
59,2950.272,5927.607,4545.5
59,2998.183,5929.63,4545.5
59,3024.975,5886.253,4545.5
59,3009.722,5873.988,4545.5
59,2950.463,5784.631,4545.5
59,2954.825,5781.556,4545.5
59,2940.049,5750.773,4545.5
59,2899.758,5691.551,4545.5
59,2885.603,5675.791,4545.5
60,4002.39,5379.23,3885.5
60,4001.821,5375.567,3885.5
60,3990.833,5371.874,3885.5
60,3989.17,5384.081,3885.5
60,3974.44,5381.37,3885.5
60,3972.887,5391.63,3885.5
60,3977.14,5392.883,3885.5
60,3982.827,5387.855,3885.5
60,3992.96,5383.374,3885.5
61,3909.427,5599.961,3945.5
61,3921.104,5622.933,3945.5
61,3913.461,5630.896,3945.5
61,3927.581,5646.645,3945.5
61,3932.239,5645.751,3945.5
61,3944.712,5632.334,3945.5
61,3952.664,5621.442,3945.5
61,3929.724,5595.856,3945.5
62,3655.099,5266.146,3990.5
62,3656.456,5261.827,3990.5
62,3642.406,5248.444,3990.5
62,3641.009,5252.95,3990.5
63,4815.592,5494.113,4260.5
63,4827.125,5492.371,4260.5
63,4811.549,5429.379,4260.5
63,4791.444,5422.877,4260.5
63,4786.847,5404.428,4260.5
63,4778.663,5405.756,4260.5
63,4778.04,5444.898,4260.5
63,4783.123,5465.286,4260.5
63,4805.892,5459.281,4260.5
64,4562.817,6093.241,4275.5
64,4556.708,6099.597,4275.5
64,4547.147,6109.201,4275.5
64,4545.124,6107.163,4275.5
64,4558.848,6089.258,4275.5
65,3674.566,5656.436,3945.5
65,3686.141,5640.84,3945.5
65,3693.849,5639.117,3945.5
65,3692.277,5637.363,3945.5
65,3672.386,5619.357,3945.5
65,3667.948,5624.059,3945.5
65,3652.836,5620.665,3945.5
65,3644.122,5628.404,3945.5
65,3670.662,5652.122,3945.5
66,3241.376,6089.971,4575.5
66,3256.853,6108.308,4575.5
66,3258.877,6103.052,4575.5
66,3242.468,6083.451,4575.5
67,4014.662,5716.518,3945.5
67,4001.11,5716.143,3945.5
67,4000.977,5699.093,3945.5
67,4020.809,5697.444,3945.5
68,4456.892,6206.371,4275.5
68,4446.236,6208.187,4275.5
68,4445.694,6204.011,4275.5
68,4456.259,6201.944,4275.5
69,4815.162,5591.571,4260.5
69,4835.029,5593.445,4260.5
69,4833.265,5614.003,4260.5
69,4815.534,5602.352,4260.5
70,3230.065,4808.33,4035.5
70,3230.457,4805.718,4035.5
70,3243.392,4801.542,4035.5
70,3245.454,4803.064,4035.5
71,2898.633,6216.122,4620.5
71,2904.332,6213.785,4620.5
71,2893.809,6203.944,4620.5
71,2868.152,6174.635,4620.5
71,2863.368,6168.17,4620.5
71,2863.885,6162.869,4620.5
71,2863.625,6158.991,4620.5
71,2854.314,6168.114,4620.5
71,2860.437,6174.335,4620.5
72,4073.206,5480.111,3885.5
72,4075.281,5480.221,3885.5
72,4075.854,5477.52,3885.5
72,4077.031,5461.058,3885.5
72,4074.046,5461.143,3885.5
73,4079.654,5424.386,3885.5
73,4075.68,5424.23,3885.5
73,4074.046,5461.143,3885.5
73,4077.031,5461.058,3885.5
74,4530.696,5338.775,4260.5
74,4524.935,5318.061,4260.5
74,4521.435,5306.908,4260.5
74,4532.536,5296.003,4260.5
74,4540.385,5323.152,4260.5
74,4533.437,5337.861,4260.5
75,3670.105,5593.22,3960.5
75,3659.031,5584.918,3960.5
75,3610.201,5561.101,3960.5
75,3573.541,5524.364,3960.5
75,3586.409,5476.924,3960.5
75,3672.785,5573.617,3960.5
75,3672.522,5589.025,3960.5
76,3641.009,5252.95,3990.5
76,3642.406,5248.444,3990.5
76,3617.669,5223.666,3990.5
76,3613.027,5219.016,3990.5
76,3606.75,5225.229,3990.5
76,3611.854,5230.374,3990.5
76,3614.786,5226.992,3990.5
77,3748.065,5713.072,3945.5
77,3754.741,5706.933,3945.5
77,3744.9,5696.054,3945.5
77,3733.989,5683.885,3945.5
77,3732.185,5697.173,3945.5
78,4526.888,5785.531,4260.5
78,4548.492,5767.489,4260.5
78,4553.721,5767.85,4260.5
78,4568.459,5746.431,4260.5
78,4613.451,5749.544,4260.5
78,4606.132,5759.954,4260.5
78,4593.167,5759.922,4260.5
78,4585.449,5757.67,4260.5
78,4575.238,5763.7,4260.5
78,4563.016,5766.756,4260.5
78,4552.082,5780.505,4260.5
78,4541.157,5783.518,4260.5
78,4541.155,5783.55,4260.5
79,3150.612,6070.073,4560.5
79,3167.16,6087.217,4560.5
79,3193.007,6115.426,4560.5
79,3205.736,6103.2,4560.5
79,3157.281,6049.548,4560.5
80,3239.23,6212.77,4560.5
80,3242.362,6169.289,4560.5
80,3218.77,6143.541,4560.5
80,3210.952,6151.882,4560.5
80,3221.576,6162.804,4560.5
80,3217.699,6166.714,4560.5
80,3219.884,6172.42,4560.5
80,3217.522,6183.456,4560.5
80,3214.843,6188.104,4560.5
80,3214.861,6194.798,4560.5
80,3215.001,6205.721,4560.5
80,3211.22,6213.283,4560.5
80,3205.059,6220.704,4560.5
80,3195.537,6226.866,4560.5
80,3189.165,6225.941,4560.5
80,3182.915,6223.504,4560.5
80,3178.177,6218.967,4560.5
80,3175.687,6222.526,4560.5
80,3189.713,6236.433,4560.5
80,3175.269,6250.816,4560.5
80,3174.587,6263.689,4560.5
80,3215.08,6244.426,4560.5
80,3206.486,6226.323,4560.5
80,3222.227,6204.337,4560.5
81,4792.002,5499.781,4260.5
81,4815.592,5494.113,4260.5
81,4827.125,5492.371,4260.5
81,4839.432,5542.142,4260.5
81,4837.998,5558.854,4260.5
81,4815.862,5557.785,4260.5
81,4816.299,5546.776,4260.5
81,4816.299,5538.976,4260.5
81,4812.087,5523.532,4260.5
81,4803.039,5512.925,4260.5
81,4793.3,5507.164,4260.5
82,3444.774,5091.764,4005.5
82,3433.91,5101.978,4005.5
82,3416.794,5118.429,4005.5
82,3456.66,5159.944,4005.5
82,3468.117,5156.417,4005.5
82,3471.435,5153.646,4005.5
82,3461.723,5143.87,4005.5
82,3472.26,5119.07,4005.5
83,3223.543,6068.847,4575.5
83,3226.615,6064.516,4575.5
83,3206.697,6039.87,4575.5
83,3204.077,6042.893,4575.5
83,3218.947,6063.461,4575.5
84,3905.641,5220.438,3930.5
84,3915.494,5209.011,3930.5
84,3901.619,5195.067,3930.5
84,3915.417,5180.958,3930.5
84,3928.153,5193.292,3930.5
84,3942.762,5179.209,3930.5
84,3931.837,5159.116,3930.5
84,3914.775,5167.945,3930.5
84,3878.977,5186.471,3930.5
84,3896.21,5212.29,3930.5
85,2848.302,4941.562,4185.5
85,2827.907,4897.271,4185.5
85,2821.012,4800.183,4185.5
85,2833.776,4797.681,4185.5
85,2841.168,4803.284,4185.5
85,2849.19,4814.969,4185.5
85,2850.851,4825.759,4185.5
85,2849.19,4836.502,4185.5
85,2845.119,4853.087,4185.5
85,2831.449,4855.706,4185.5
85,2834.648,4899.643,4185.5
85,2839.592,4909.828,4185.5
85,2853.844,4940.38,4185.5
86,4544.206,5481.224,4260.5
86,4544.909,5489.96,4260.5
86,4545.911,5503.865,4260.5
86,4571.465,5506.135,4260.5
86,4574.813,5501.158,4260.5
86,4578.252,5498.578,4260.5
86,4584.271,5497.001,4260.5
86,4590.079,5497.074,4260.5
86,4592.487,5489.85,4260.5
86,4610.253,5483.923,4260.5
86,4614.205,5460.237,4260.5
86,4606.234,5461.248,4260.5
86,4601.625,5466.778,4260.5
86,4596.552,5468.444,4260.5
86,4589.727,5473.706,4260.5
86,4580.563,5478.131,4260.5
86,4576.009,5482.151,4260.5
86,4565.519,5483.583,4260.5
86,4555.061,5481.765,4260.5
86,4553.186,5481.476,4260.5
86,4550.445,5480.943,4260.5
86,4549.228,5479.848,4260.5
87,4732.846,5507.446,4260.5
87,4728.883,5468.218,4260.5
87,4725.616,5469.418,4260.5
87,4716.542,5468.745,4260.5
87,4711.949,5467.961,4260.5
87,4705.251,5471.595,4260.5
87,4706.109,5496.043,4260.5
87,4710.16,5513.106,4260.5
88,3293.979,4976.793,4020.5
88,3284.467,4965.931,4020.5
88,3280.471,4961.368,4020.5
88,3268.268,4971.948,4020.5
88,3292.748,4988.165,4020.5
88,3304.165,4996.951,4020.5
88,3309.037,4993.985,4020.5
88,3304.97,4989.342,4020.5
89,3378.229,5078.271,4005.5
89,3395.771,5061.396,4005.5
89,3424.153,5033.03,4005.5
89,3440.722,5053.798,4005.5
89,3411.765,5080.125,4005.5
89,3433.91,5101.978,4005.5
89,3416.794,5118.429,4005.5
90,4574.678,5589.286,4260.5
90,4560.594,5578.536,4260.5
90,4558.075,5591.207,4260.5
90,4572.329,5591.226,4260.5
91,3198.254,4888.632,4035.5
91,3187.474,4853.317,4035.5
91,3189.448,4865.07,4035.5
91,3178.456,4874.923,4035.5
91,3196.323,4901.556,4035.5
92,4254.15,4971.614,4065.5
92,4261.247,4980.555,4065.5
92,4268.476,4989.365,4065.5
92,4271.421,5001.396,4065.5
92,4274.78,4997.055,4065.5
92,4269.619,4984.403,4065.5
92,4260.971,4974.037,4065.5
92,4239.131,4953.974,4065.5
92,4236.465,4951.493,4065.5
92,4226.055,4944.983,4065.5
92,4226.055,4944.983,4065.5
92,4243.898,4961.62,4065.5
93,5309.79,5644.293,4425.5
93,5309.02,5632.462,4425.5
93,5312.624,5637.487,4425.5
94,3487.711,5134.524,3990.5
94,3509.122,5115.167,3990.5
94,3510.032,5116.372,3990.5
94,3522.751,5133.473,3990.5
94,3551.977,5159.584,3990.5
94,3546.881,5165.474,3990.5
94,3528.821,5147.377,3990.5
94,3517.858,5158.427,3990.5
95,3296.362,6216.082,4560.5
95,3288.487,6208.252,4560.5
95,3270.902,6225.77,4560.5
95,3279.682,6234.777,4560.5
95,3251.337,6248.262,4560.5
95,3256.028,6218.136,4560.5
95,3267.08,6206.564,4560.5
95,3256.594,6195.99,4560.5
95,3239.23,6212.77,4560.5
95,3241.389,6182.792,4560.5
95,3249.627,6184.646,4560.5
95,3260.707,6173.46,4560.5
95,3246.111,6158.588,4560.5
95,3239.062,6165.687,4560.5
95,3218.77,6143.541,4560.5
95,3206.028,6129.635,4560.5
95,3218.676,6117.528,4560.5
95,3260.54,6163.883,4560.5
95,3298.347,6190.41,4560.5
95,3297.44,6202.143,4560.5
96,3251.337,6248.262,4560.5
96,3252.115,6282.1,4560.5
96,3221.603,6262.406,4560.5
97,3471.435,5153.646,4005.5
97,3489.078,5138.906,4005.5
97,3489.969,5136.944,4005.5
97,3472.26,5119.07,4005.5
97,3461.723,5143.87,4005.5
98,4984.948,5481.003,4365.5
98,4983.183,5474.648,4365.5
98,4980.513,5476.037,4365.5
98,4977.939,5476.543,4365.5
98,4979.34,5485.366,4365.5
99,4837.019,5374.68,4275.5
99,4841.52,5373.046,4275.5
99,4847.092,5395.277,4275.5
99,4843.143,5395.946,4275.5
100,3397.067,4513.619,4155.5
100,3382.23,4517.401,4155.5
100,3374.441,4517.235,4155.5
100,3367.702,4517.986,4155.5
100,3361.626,4478.892,4155.5
100,3378.695,4477.022,4155.5
100,3383.971,4500.487,4155.5
101,3603.794,5615.628,3960.5
101,3606.795,5619.018,3960.5
101,3627.228,5613.528,3960.5
101,3617.285,5603.56,3960.5
102,4422.002,4735.237,4245.5
102,4431.01,4726.104,4245.5
102,4428.984,4702.067,4245.5
102,4436.535,4693.622,4245.5
102,4423.188,4688.492,4245.5
102,4410.066,4717.459,4245.5
102,4415.877,4731.873,4245.5
103,4544.952,5539.28,4260.5
103,4546.703,5544.546,4260.5
103,4555.669,5535.465,4260.5
103,4567.201,5505.756,4260.5
103,4545.911,5503.865,4260.5
103,4545.5,5507.091,4260.5
104,2916.393,6212.532,4605.5
104,2919.228,6209.759,4605.5
104,2907.509,6197.121,4605.5
104,2902.624,6183.829,4605.5
104,2893.648,6168.263,4605.5
104,2886.945,6154.743,4605.5
104,2881.464,6159.929,4605.5
104,2886.542,6182.095,4605.5
105,5015.814,6143.635,4440.5
105,5023.745,6134.724,4440.5
105,5030.822,6124.348,4440.5
105,5034.727,6121.418,4440.5
105,5045.342,6111.775,4440.5
105,5049.612,6106.892,4440.5
105,5051.166,6103.889,4440.5
105,5055.311,6108.064,4440.5
105,5021.281,6148.063,4440.5
106,5249.03,5640.519,4425.5
106,5231.389,5642.219,4425.5
106,5220.826,5641.926,4425.5
106,5207.915,5641.045,4425.5
106,5197.058,5636.348,4425.5
106,5184.148,5630.771,4425.5
106,5164.013,5619.58,4425.5
106,5133.403,5602.859,4425.5
106,5122.417,5600.926,4425.5
106,5113.027,5594.799,4425.5
106,5105.678,5589.898,4425.5
106,5101.083,5583.478,4425.5
106,5104.866,5582.983,4425.5
106,5205.889,5636.708,4425.5
106,5250.071,5637.483,4425.5
107,3024.226,6260.38,4590.5
107,3025.412,6259.164,4590.5
107,3043.49,6277.286,4590.5
107,3049.257,6283.46,4590.5
107,3058.082,6290.135,4590.5
107,3054.817,6293.399,4590.5
108,3659.542,5317.284,3960.5
108,3665.109,5328.527,3960.5
108,3672.026,5325.167,3960.5
108,3673.154,5318.974,3960.5
108,3677.187,5315.123,3960.5
108,3673.906,5308.042,3960.5
109,3914.797,5659.478,3945.5
109,3906.388,5679.414,3945.5
109,3918.764,5687.72,3945.5
109,3916.485,5702.891,3945.5
109,3938.106,5699.439,3945.5
109,3947.839,5669.238,3945.5
109,3938.37,5658.677,3945.5
109,3925.903,5671.145,3945.5
110,3127.673,4668.277,4155.5
110,3127.098,4666.447,4155.5
110,3105.328,4672.442,4155.5
110,3105.908,4674.477,4155.5
111,4723.025,6020.251,4305.5
111,4730.971,6013.068,4305.5
111,4745.229,5988.482,4305.5
111,4726.13,5978.816,4305.5
111,4706.402,6010.89,4305.5
112,3501.25,5478.261,3975.5
112,3506.203,5478.862,3975.5
112,3506.461,5472.844,3975.5
112,3508.317,5462.33,3975.5
112,3509.561,5456.053,3975.5
112,3506.647,5452.924,3975.5
113,3256.41,6354.043,4575.5
113,3256.965,6350.472,4575.5
113,3269.911,6351.008,4575.5
113,3289.292,6351.008,4575.5
113,3305.424,6348.767,4575.5
113,3319.875,6349.104,4575.5
113,3337.351,6350.671,4575.5
113,3351.915,6356.385,4575.5
113,3373.128,6365.102,4575.5
113,3389.747,6356.318,4575.5
113,3393.477,6343.765,4575.5
113,3411.149,6354.333,4575.5
113,3465.564,6386.875,4575.5
113,3481.177,6400.347,4575.5
113,3460.05,6413.541,4575.5
113,3454.735,6425.862,4575.5
113,3336.811,6353.958,4575.5
114,3794.688,5629.579,3945.5
114,3794.359,5604.257,3945.5
114,3779.276,5603.843,3945.5
114,3779.46,5629.32,3945.5
115,3738.763,5727.375,3945.5
115,3737.595,5728.358,3945.5
115,3766.583,5760.735,3945.5
115,3781.187,5745.154,3945.5
115,3769.244,5733.073,3945.5
115,3740.1,5724.047,3945.5
116,3102.586,6386.39,4590.5
116,3103.97,6385.327,4590.5
116,3081.758,6370.529,4590.5
117,3196.323,4901.556,4035.5
117,3178.456,4874.923,4035.5
117,3161.302,4892.686,4035.5
117,3152.564,4884.474,4035.5
117,3143.245,4896.144,4035.5
117,3154.282,4907.058,4035.5
117,3162.385,4915.063,4035.5
117,3182.189,4907.131,4035.5
118,3318.736,5005.061,4020.5
118,3345.425,5034.215,4020.5
118,3359.338,5020.38,4020.5
118,3370.474,5031.421,4020.5
118,3390.722,5010.998,4020.5
118,3384.028,5011.797,4020.5
118,3381.076,5007.767,4020.5
118,3369.842,5016.539,4020.5
118,3343.438,4984.619,4020.5
118,3329.083,4997.169,4020.5
119,3852.299,5234.54,3930.5
119,3857.115,5242.957,3930.5
119,3864.634,5257.9,3930.5
119,3863.379,5282.99,3930.5
119,3890.515,5317.038,3930.5
119,3891.553,5316.797,3930.5
119,3903.032,5308.599,3930.5
119,3906.179,5310.866,3930.5
119,3937.592,5334.148,3930.5
119,3941.343,5331.52,3930.5
119,3945.031,5306.602,3930.5
119,3938.105,5279.904,3930.5
119,3932.908,5259.872,3930.5
119,3917.446,5249.178,3930.5
119,3902.685,5238.969,3930.5
119,3890.072,5245.898,3930.5
119,3861.081,5225.211,3930.5
120,2934.688,6121.615,4560.5
120,2948.742,6137.57,4560.5
120,2958.547,6146.061,4560.5
120,2956.449,6152.595,4560.5
120,2868.796,6058.79,4560.5
120,2871.45,6056.057,4560.5
121,3043.047,6404.114,4590.5
121,3046.559,6400.608,4590.5
121,3068.782,6420.354,4590.5
121,3065.752,6423.789,4590.5
122,5055.311,6108.064,4440.5
122,5079.277,6079.893,4440.5
122,5099.831,6053.077,4440.5
122,5092.09,6050.062,4440.5
122,5077.632,6060.128,4440.5
122,5072.604,6072.424,4440.5
122,5063.666,6082.763,4440.5
122,5056.962,6090.867,4440.5
122,5053.517,6098.469,4440.5
122,5051.166,6103.889,4440.5
123,4837.019,5374.68,4275.5
123,4841.52,5373.046,4275.5
123,4805.476,5229.234,4275.5
123,4799.739,5230.716,4275.5
123,4809.269,5266.016,4275.5
124,3429.966,5154.632,4005.5
124,3417.972,5166.625,4005.5
124,3329.388,5073.787,4005.5
124,3352.99,5051.988,4005.5
124,3392.549,5093.182,4005.5
124,3380.351,5105.075,4005.5
124,3424.054,5148.728,4005.5
125,3597.165,5432.823,3960.5
125,3606.158,5395.951,3960.5
125,3607.894,5397.887,3960.5
125,3610.186,5400.443,3960.5
125,3603.678,5426.351,3960.5
126,3309.051,5233.026,4065.5
126,3312.844,5179.384,4065.5
126,3295.928,5161.759,4065.5
126,3300.847,5155.311,4065.5
126,3295.813,5145.479,4065.5
126,3290.616,5130.067,4065.5
126,3277.901,5186.122,4065.5
127,3672.386,5619.357,3945.5
127,3686.245,5605.371,3945.5
127,3701.498,5618.46,3945.5
127,3704.67,5636.063,3945.5
127,3693.849,5639.117,3945.5
127,3692.277,5637.363,3945.5
128,2854.314,6168.114,4620.5
128,2863.625,6158.991,4620.5
128,2859.396,6150.218,4620.5
128,2861.431,6140.385,4620.5
128,2864.927,6132.445,4620.5
128,2863.069,6122.407,4620.5
128,2845.145,6099.302,4620.5
128,2833.382,6085.578,4560.5
128,2824.894,6083.491,4620.5
128,2821.421,6120.276,4620.5
128,2816.623,6129.813,4620.5
129,3206.028,6129.635,4560.5
129,3218.676,6117.528,4560.5
129,3205.736,6103.2,4560.5
129,3193.007,6115.426,4560.5
130,3533.779,5301.949,3990.5
130,3512.883,5276.818,3990.5
130,3521.594,5267.755,3990.5
130,3518.3,5257.252,3990.5
130,3525.555,5242.63,3990.5
130,3551.308,5273.646,3990.5
130,3536.731,5287.317,3990.5
130,3542.383,5299.01,3990.5
131,3955.562,5754.859,3945.5
131,3964.641,5761.464,3945.5
131,4014.662,5716.518,3945.5
131,4001.11,5716.143,3945.5
131,4000.977,5699.093,3945.5
131,3959.205,5727.281,3945.5
131,3973.467,5738.216,3945.5
132,3118.465,6394.874,4590.5
132,3118.542,6388.21,4590.5
132,3103.979,6379.892,4590.5
132,3103.97,6385.327,4590.5
133,3721.346,5631.356,3945.5
133,3704.67,5636.063,3945.5
133,3701.498,5618.46,3945.5
133,3686.245,5605.371,3945.5
133,3672.386,5619.357,3945.5
133,3663.433,5611.252,3945.5
133,3668.341,5606.644,3945.5
133,3697.636,5579.133,3945.5
133,3720.732,5605.069,3945.5
133,3711.401,5610.367,3945.5
134,4459.345,5836.501,4260.5
134,4450.257,5830.946,4260.5
134,4436.666,5856.54,4260.5
134,4444.417,5861.321,4260.5
134,4458.556,5844.36,4260.5
134,4469.627,5851.258,4260.5
134,4475.825,5842.25,4260.5
134,4468.731,5827.02,4260.5
135,3973.501,5399.85,3885.5
135,3972.887,5391.63,3885.5
135,3977.14,5392.883,3885.5
136,4466.515,5068.094,4260.5
136,4470.598,5089.08,4260.5
136,4473.005,5086.641,4260.5
136,4471.622,5078.556,4260.5
136,4469.305,5070.654,4260.5
136,4468.488,5065.885,4260.5
136,4467.162,5062.626,4260.5
136,4464.797,5054.194,4260.5
136,4461.609,5046.893,4260.5
136,4459.552,5042.471,4260.5
136,4451.566,5030.306,4260.5
136,4450.362,5031.174,4260.5
136,4457.832,5042.161,4260.5
137,4079.753,5578.289,3885.5
137,4081.464,5580.375,3885.5
137,4063.793,5580.866,3885.5
137,4058.436,5572.488,3885.5
137,4061.356,5570.148,3885.5
137,4064.639,5577.613,3885.5
137,4070.154,5579.25,3885.5
138,4117.469,5429.369,3885.5
138,4117.63,5425.874,3885.5
138,4116.678,5425.836,3885.5
138,4116.192,5430.583,3885.5
139,3284.467,4965.931,4020.5
139,3293.979,4976.793,4020.5
139,3321.773,4959.221,4020.5
139,3320.694,4949.768,4020.5
139,3302.431,4949.489,4020.5
140,4980.513,5476.037,4365.5
140,5000.459,5465.662,4365.5
140,4988.017,5426.002,4365.5
140,4984.429,5408.656,4365.5
140,4983.385,5408.721,4365.5
140,4982.363,5435.696,4365.5
140,4971.594,5440.939,4365.5
140,4977.939,5476.543,4365.5
141,3140.184,4921.542,4035.5
141,3154.282,4907.058,4035.5
141,3143.245,4896.144,4035.5
141,3132.065,4910.142,4035.5
142,3756.453,5693.678,3945.5
142,3776.481,5704.938,3945.5
142,3792.383,5707.175,3945.5
142,3802.5,5696.894,3945.5
142,3791.444,5684.479,3945.5
142,3779.891,5689.933,3945.5
142,3770.979,5681.372,3945.5
142,3769.281,5691.039,3945.5
143,3982.8,5619.975,3960.5
143,3985.537,5617.23,3960.5
143,3980.682,5611.275,3960.5
143,3976.608,5611.888,3960.5
144,4147.519,4849.517,4065.5
144,4184.784,4884.128,4065.5
144,4189.964,4881.349,4065.5
144,4169.092,4861.243,4065.5
144,4162.507,4856.676,4065.5
144,4158.69,4856.086,4065.5
144,4148.687,4846.464,4065.5
145,3174.587,6263.689,4560.5
145,3181.892,6260.214,4560.5
145,3186.877,6274.424,4560.5
146,4790.075,5493.169,4260.5
146,4783.123,5465.286,4260.5
146,4805.892,5459.281,4260.5
146,4815.592,5494.113,4260.5
146,4792.002,5499.781,4260.5
147,3231.407,6354.069,4575.5
147,3230.084,6354.07,4575.5
147,3215.288,6339.732,4575.5
147,3216.583,6337.53,4575.5
147,3228.011,6347.249,4575.5
147,3233.564,6349.066,4575.5
148,3811.732,5657.402,3945.5
148,3816.107,5643.353,3945.5
148,3781.811,5654.896,3945.5
148,3769.386,5642.464,3945.5
148,3761.266,5650.588,3945.5
148,3773.896,5664.771,3945.5
149,3129.168,4861.92,4035.5
149,3187.474,4853.317,4035.5
149,3197.855,4849.637,4035.5
149,3182.14,4824.679,4035.5
149,3192.245,4821.005,4035.5
149,3230.065,4808.33,4035.5
149,3230.457,4805.718,4035.5
149,3153.862,4830.441,4035.5
150,2969.146,6188.111,4590.5
150,2971.461,6189.522,4590.5
150,2972.945,6191.665,4590.5
150,2975.911,6196.115,4590.5
150,2978.219,6204.85,4590.5
150,2988.083,6216.363,4590.5
150,2985.747,6218.711,4590.5
150,2963.197,6194.087,4590.5
151,3225.176,4634.632,4155.5
151,3230.517,4629.748,4155.5
151,3228.358,4628.582,4155.5
151,3223.328,4632.814,4155.5
152,4058.436,5572.488,3885.5
152,4061.356,5570.148,3885.5
152,4051.629,5557.623,3885.5
152,4050.164,5554.348,3885.5
152,4054.127,5546.594,3885.5
152,4055.42,5538.063,3885.5
152,4057.096,5532.546,3885.5
152,4056.742,5528.346,3885.5
152,4053.165,5523.183,3885.5
152,4051.687,5521.154,3885.5
152,4047.19,5515.874,3885.5
152,4040,5514.628,3885.5
152,4032.039,5513.669,3885.5
152,4025.232,5520.556,3885.5
153,3180.447,5031.224,4050.5
153,3189.216,5014.287,4050.5
153,3171.587,5025.306,4050.5
154,3784.591,5740.265,3945.5
154,3754.741,5706.933,3945.5
154,3744.9,5696.054,3945.5
154,3756.453,5693.678,3945.5
154,3776.481,5704.938,3945.5
154,3792.383,5707.175,3945.5
154,3778.672,5721.832,3945.5
154,3786.758,5726.121,3945.5
154,3785.328,5729.302,3945.5
154,3784.827,5731.692,3945.5
155,4835.029,5593.445,4260.5
155,4815.162,5591.571,4260.5
155,4817.579,5579.292,4260.5
155,4819.757,5571.725,4260.5
155,4820.445,5566.795,4260.5
155,4819.757,5563.47,4260.5
155,4815.862,5557.785,4260.5
155,4837.998,5558.854,4260.5
156,4780.201,6101.728,4365.5
156,4787.266,6092.033,4365.5
156,4779.363,6101.667,4365.5
157,4556.708,6099.597,4275.5
157,4547.147,6109.201,4275.5
157,4537.571,6123.022,4275.5
157,4559.613,6102.766,4275.5
158,3174.587,6263.689,4560.5
158,3175.269,6250.816,4560.5
158,3161.337,6236.44,4560.5
158,3175.687,6222.526,4560.5
158,3172.756,6216.873,4560.5
158,3164.264,6209.882,4560.5
158,3150.068,6205.411,4560.5
158,3137.641,6206.418,4560.5
158,3126.71,6204.505,4560.5
158,3118.651,6197.477,4560.5
158,3114.151,6198.258,4560.5
158,3106.107,6199.787,4560.5
158,3147.774,6245.274,4560.5
159,3781.187,5745.154,3945.5
159,3784.591,5740.265,3945.5
159,3803.626,5761.52,3945.5
159,3782.489,5778.501,3945.5
159,3766.583,5760.735,3945.5
160,4552.757,5558.375,4260.5
160,4549.589,5557.302,4260.5
160,4545.95,5591.19,4260.5
160,4558.075,5591.207,4260.5
160,4560.594,5578.536,4260.5
160,4551.625,5568.638,3669.602
161,3178.456,4874.923,4035.5
161,3164.379,4869.681,4035.5
161,3152.564,4884.474,4035.5
161,3161.302,4892.686,4035.5
162,3885.846,5465.364,3960.5
162,3900.466,5484.47,3960.5
162,3901.852,5483.833,3960.5
162,3888.424,5464.05,3960.5
162,3883.723,5454.259,3960.5
162,3880.699,5454.459,3960.5
163,4738.979,5771.944,4260.5
163,4681.905,5855.629,4260.5
163,4674.656,5838.306,4260.5
163,4686.035,5821.47,4260.5
163,4705.83,5802.179,4260.5
163,4729.384,5765.138,4260.5
164,4618.927,5868.487,4260.5
164,4641.937,5853.511,4260.5
164,4626.961,5868.6,4260.5
165,3150.612,6070.073,4560.5
165,3167.16,6087.217,4560.5
165,3163.415,6098.947,4560.5
165,3155.876,6089.657,4560.5
165,3153.516,6083.019,4560.5
165,3147.449,6073.199,4560.5
166,4586.517,5321.774,4260.5
166,4595.185,5318.079,4260.5
166,4593.326,5315.029,4260.5
167,3456.66,5159.944,4005.5
167,3459.2,5163.867,4005.5
167,3468.117,5156.417,4005.5
168,3269.622,4592.024,4155.5
168,3279.671,4580.008,4155.5
168,3274.453,4567.359,4155.5
168,3292.15,4542.837,4155.5
168,3290.009,4534.574,4155.5
168,3277.156,4543.771,4155.5
168,3267.819,4552.126,4155.5
168,3260.208,4562.999,4155.5
168,3266.889,4564.747,4155.5
168,3271.956,4567.753,4155.5
168,3274.102,4573.249,4155.5
168,3276.249,4578.83,4155.5
168,3267.243,4590.368,4155.5
169,2940.929,6237.548,4605.5
169,2954.943,6251.837,4605.5
169,2959.39,6247.377,4605.5
169,2950.905,6239.537,4605.5
169,2945.515,6232.988,4605.5
170,4475.825,5842.25,4260.5
170,4468.731,5827.02,4260.5
170,4476.223,5819.452,4260.5
170,4490.506,5820.914,4260.5
170,4481.693,5833.722,4260.5
171,3339.446,5278.795,4065.5
171,3309.621,5295.702,4065.5
171,3286.134,5256.95,4065.5
171,3268.292,5231.055,4065.5
171,3290.208,5204.652,4065.5
171,3309.051,5233.026,4065.5
172,3444.774,5091.764,4005.5
172,3458.561,5079.368,4005.5
172,3478.946,5108.589,4005.5
172,3472.26,5119.07,4005.5
173,4476.223,5819.452,4260.5
173,4477.477,5805.706,4260.5
173,4466.389,5799.645,4260.5
173,4459.32,5813.741,4260.5
173,4468.731,5827.02,4260.5
174,3464.74,5218.918,3990.5
174,3487.492,5196.028,3990.5
174,3489.989,5199.792,3990.5
174,3515.976,5231.091,3990.5
174,3525.555,5242.63,3990.5
174,3518.3,5257.252,3990.5
174,3521.594,5267.755,3990.5
174,3512.883,5276.818,3990.5
175,3518.935,5418.997,3975.5
175,3527.643,5386.39,3975.5
175,3521.463,5381.043,3975.5
175,3506.647,5452.924,3975.5
175,3509.561,5456.053,3975.5
176,2680.892,5417.947,4560.5
176,2665.397,5415.717,4560.5
176,2638.106,5411.79,4560.5
176,2631.89,5423.463,4560.5
176,2635.974,5431.339,4560.5
176,2653.23,5423.484,4560.5
177,4397.588,4837.409,4245.5
177,4360.009,4785.828,4245.5
177,4371.974,4753.227,4245.5
177,4410.066,4717.459,4245.5
177,4415.877,4731.873,4245.5
177,4422.002,4735.237,4245.5
177,4409.19,4769.391,4245.5
177,4416.569,4818.868,4245.5
178,4451.636,5877.406,4260.5
178,4457.408,5880.999,4260.5
178,4470.32,5859.852,4260.5
178,4484.378,5857.558,4260.5
178,4482.29,5843.883,4260.5
178,4475.825,5842.25,4260.5
179,3571.626,5384.859,3975.5
179,3566.774,5377.126,3975.5
179,3570.647,5372.625,3975.5
179,3577.202,5344.555,3975.5
179,3574.463,5341.669,3975.5
179,3577.932,5326.944,3975.5
179,3580.97,5327.579,3975.5
179,3585.652,5328.652,3975.5
180,4422.002,4735.237,4245.5
180,4409.19,4769.391,4245.5
180,4416.569,4818.868,4245.5
180,4441.207,4822.524,4245.5
180,4459.627,4777.001,4245.5
180,4441.126,4751.467,4245.5
180,4434.234,4741.955,4245.5
181,4864.007,5463.303,4275.5
181,4861.124,5464.037,4275.5
181,4860.135,5455.184,4275.5
181,4856.01,5441.08,4275.5
181,4847.036,5413.872,4275.5
181,4851.271,5412.085,4275.5
182,3011.257,6246.383,4590.5
182,2982.198,6272.461,4590.5
182,2997.272,6329.259,4590.5
182,3000.594,6325.059,4590.5
182,3005.982,6308.383,4590.5
182,3020.511,6291.276,4590.5
182,3008.969,6268.399,4590.5
182,3024.226,6260.38,4590.5
183,5293.72,5744.76,4425.5
183,5292.514,5742.083,4425.5
183,5307.295,5721.749,4425.5
183,5314.993,5702.957,4425.5
183,5318.381,5683.548,4425.5
183,5320.536,5664.447,4425.5
183,5314.377,5648.735,4425.5
183,5309.79,5644.293,4425.5
183,5312.624,5637.487,4425.5
183,5319.926,5647.812,4425.5
183,5323.972,5663.697,4425.5
183,5316.976,5716.036,4425.5
184,3233.564,6349.066,4575.5
184,3231.407,6354.069,4575.5
184,3256.41,6354.043,4575.5
184,3256.965,6350.472,4575.5
185,4734.523,5123.055,4260.5
185,4736.807,5131.93,4260.5
185,4756.823,5112.262,4260.5
185,4770.466,5113.454,4260.5
185,4765.018,5093.271,4260.5
185,4762.218,5087.494,4260.5
185,4747.893,5092.836,4260.5
185,4719.042,5039.019,4260.5
185,4716.139,5040.439,4260.5
185,4733.282,5079.413,4260.5
185,4738.119,5089.983,4260.5
185,4740.985,5101.089,4260.5
185,4742.06,5110.763,4260.5
185,4739.194,5116.675,4260.5
186,4494.446,5170.26,4260.5
186,4491.87,5184.87,4260.5
186,4484.703,5184.328,4260.5
186,4481.804,5174.007,4260.5
186,4481.375,5165.744,4260.5
187,3818.537,5635.549,3945.5
187,3821.992,5624.452,3945.5
187,3825.069,5614.571,3945.5
187,3829.512,5619.373,3945.5
188,3582.423,5591.486,3960.5
188,3593.762,5582.281,3960.5
188,3576.49,5562.933,3960.5
188,3565.819,5572.729,3960.5
189,3054.817,6293.399,4590.5
189,3052.99,6294.61,4590.5
189,3064.123,6305.413,4590.5
189,3065.072,6304.467,4590.5
190,3958.345,5417.73,3885.5
190,3970.423,5407.149,3885.5
190,3973.501,5399.85,3885.5
190,3972.887,5391.63,3885.5
190,3974.44,5381.37,3885.5
190,3989.17,5384.081,3885.5
190,3990.833,5371.874,3885.5
190,3979.09,5367.926,3885.5
190,3973.173,5368.236,3885.5
190,3957.695,5384.553,3885.5
190,3970.8,5398.54,3885.5
190,3955.58,5413.545,3885.5
191,3171.947,6313.08,4575.5
191,3173.472,6311.004,4575.5
191,3189.031,6321.693,4575.5
191,3187.967,6323.135,4575.5
192,3955.58,5413.545,3885.5
192,3970.8,5398.54,3885.5
192,3957.695,5384.553,3885.5
192,3945.757,5397.137,3885.5
192,3948.764,5403.23,3885.5
193,3161.853,6358.504,4575.5
193,3151.003,6350.514,4575.5
193,3146.383,6350.215,4575.5
193,3145.258,6349.386,4575.5
193,3147.26,6346.662,4575.5
193,3162.426,6357.728,4575.5
194,3659.542,5317.284,3960.5
194,3665.109,5328.527,3960.5
194,3658.067,5347.125,3960.5
194,3647.472,5365.432,3960.5
194,3623.464,5340.498,3960.5
195,3527.021,5354.082,3975.5
195,3533.41,5361.095,3975.5
195,3535.406,5336.465,3975.5
195,3531.766,5333.668,3975.5
195,3530.569,5336.868,3975.5
196,3196.336,6119.059,4560.5
196,3167.16,6087.217,4560.5
196,3163.415,6098.947,4560.5
196,3183.018,6117.12,4560.5
196,3188.252,6122.992,4560.5
196,3193.65,6127.572,4560.5
197,3202.142,6377.33,4590.5
197,3195.497,6370.444,4590.5
197,3189.32,6374.616,4590.5
197,3184.458,6380.776,4590.5
197,3191.713,6386.479,4590.5
198,4494.188,4824.696,4245.5
198,4527.397,4801.807,4245.5
198,4461.103,4703.727,4245.5
198,4454.259,4700.912,4245.5
198,4451.776,4712.716,4245.5
198,4462.267,4730.499,4245.5
198,4441.126,4751.467,4245.5
199,4604.049,5493.849,4260.5
199,4615.544,5486.917,4260.5
199,4610.253,5483.923,4260.5
199,4592.487,5489.85,4260.5
199,4590.079,5497.074,4260.5
200,3336.773,6374.202,4590.5
200,3441.085,6438.39,4590.5
200,3442.298,6439.765,4590.5
200,3444.032,6438.329,4590.5
200,3442.464,6437.192,4590.5
200,3338.774,6372.808,4590.5
201,4649.412,5709.381,4260.5
201,4642.203,5727.519,4260.5
201,4627.002,5750.315,4260.5
201,4621.484,5760.015,4260.5
201,4614.788,5760.63,4260.5
201,4606.132,5759.954,4260.5
201,4643.902,5705.664,4260.5
202,3356.939,6216.732,4575.5
202,3340.444,6196.99,4575.5
202,3316.634,6174.563,4575.5
202,3297.296,6149.662,4575.5
202,3292.934,6154.081,4575.5
202,3312.211,6175.577,4575.5
202,3338.389,6201.707,4575.5
202,3354.042,6219.551,4575.5
203,3136.307,4930.907,4035.5
203,3140.184,4921.542,4035.5
203,3132.065,4910.142,4035.5
203,3127.099,4916.36,4035.5
204,4202.13,4707.783,4260.5
204,4205.395,4704.736,4260.5
204,4187.212,4687.42,4260.5
204,4184.466,4690.305,4260.5
205,3964.641,5761.464,3945.5
205,4014.662,5716.518,3945.5
205,4002.697,5753.64,3945.5
206,4094.033,5558.269,3885.5
206,4108.215,5525.667,3885.5
206,4115.015,5482.314,3885.5
206,4110.522,5482.078,3885.5
206,4110.651,5490.489,3885.5
206,4110.308,5497.448,3885.5
206,4106.776,5521.325,3885.5
206,4102.565,5530.408,3885.5
206,4100.352,5538.282,3885.5
206,4096.728,5547.125,3885.5
206,4091.003,5561.237,3885.5
207,3251.337,6248.262,4560.5
207,3289.416,6278.148,4560.5
207,3283.956,6302.65,4560.5
207,3252.115,6282.1,4560.5
208,3164.854,4945.775,4035.5
208,3173.184,4937.37,4035.5
208,3177.633,4924.636,4035.5
208,3162.385,4915.063,4035.5
208,3154.282,4907.058,4035.5
208,3152.655,4908.78,4035.5
208,3140.184,4921.542,4035.5
208,3136.307,4930.907,4035.5
208,3152.266,4933.381,4035.5
209,3215.08,6244.426,4560.5
209,3215.08,6244.426,4560.5
209,3203.721,6257.72,4560.5
209,3212.666,6266.658,4560.5
209,3251.337,6248.262,4560.5
209,3256.028,6218.136,4560.5
209,3267.08,6206.564,4560.5
209,3256.594,6195.99,4560.5
209,3239.23,6212.77,4560.5
209,3237.726,6233.653,4560.5
210,3802.5,5696.894,3945.5
210,3827.12,5671.576,3945.5
210,3811.732,5657.402,3945.5
210,3773.896,5664.771,3945.5
210,3791.444,5684.479,3945.5
211,3018.736,6254.456,4590.5
211,3024.226,6260.38,4590.5
211,3025.412,6259.164,4590.5
212,3178.456,4874.923,4035.5
212,3168.479,4860.051,4035.5
212,3164.379,4869.681,4035.5
213,3597.165,5432.823,3960.5
213,3601.831,5434.737,3960.5
213,3603.678,5426.351,3960.5
214,3186.877,6274.424,4560.5
214,3204.083,6270.741,4560.5
214,3212.666,6266.658,4560.5
214,3203.721,6257.72,4560.5
214,3215.08,6244.426,4560.5
214,3181.892,6260.214,4560.5
215,3851.358,5404.837,3960.5
215,3860.1,5411.189,3960.5
215,3870.041,5433.475,3960.5
215,3883.723,5454.259,3960.5
215,3880.699,5454.459,3960.5
215,3849.32,5406.927,3960.5
216,3611.765,5397.041,3960.5
216,3607.894,5397.887,3960.5
216,3610.186,5400.443,3960.5
217,4480.112,5141.435,4260.5
217,4480.668,5152.148,4260.5
217,4485.709,5152.185,4260.5
217,4483.803,5141.493,4260.5
218,3714.631,5598.218,3945.5
218,3745.965,5633.406,3945.5
218,3760.307,5616.989,3945.5
218,3779.46,5629.32,3945.5
218,3779.276,5603.843,3945.5
218,3794.359,5604.257,3945.5
218,3794.688,5629.579,3945.5
218,3821.992,5624.452,3945.5
218,3825.069,5614.571,3945.5
218,3789.392,5574.542,3945.5
218,3774.082,5589.096,3945.5
218,3741.375,5585.1,3945.5
219,3272.217,6118.985,4575.5
219,3270.395,6123.182,4575.5
219,3290.551,6150.048,4575.5
219,3292.934,6154.081,4575.5
219,3297.296,6149.662,4575.5
220,3268.292,5231.055,4065.5
220,3290.208,5204.652,4065.5
220,3277.901,5186.122,4065.5
220,3253.603,5149.534,4065.5
220,3231.98,5178.352,4065.5
221,3667.948,5624.059,3945.5
221,3672.386,5619.357,3945.5
221,3663.433,5611.252,3945.5
221,3652.836,5620.665,3945.5
222,3723.207,5533.539,3945.5
222,3714.255,5524.043,3945.5
222,3727.23,5512.463,3945.5
222,3710.759,5496.533,3945.5
222,3701.091,5526.216,3945.5
222,3710.852,5536.126,3945.5
223,3843.499,5666.222,3945.5
223,3835.092,5658.912,3945.5
223,3835.595,5649.856,3945.5
223,3838.724,5648.185,3945.5
223,3854.174,5663.737,3945.5
223,3858.344,5667.875,3945.5
224,3470.583,5170.536,3990.5
224,3475.979,5165.31,3990.5
224,3471.35,5149.316,3990.5
224,3487.711,5134.524,3990.5
224,3517.858,5158.427,3990.5
224,3507.657,5168.677,3990.5
224,3535.856,5197.087,3990.5
224,3546.609,5186.335,3990.5
224,3535.932,5175.708,3990.5
224,3546.881,5165.474,3990.5
224,3551.977,5159.584,3990.5
224,3559.723,5166.432,3990.5
224,3567.323,5173.237,3990.5
224,3597.374,5203.337,3990.5
224,3582.011,5214.692,3990.5
224,3569.413,5202.154,3990.5
224,3515.976,5231.091,3990.5
224,3489.989,5199.792,3990.5
225,4047.978,6298.707,4305.5
225,4133.673,6322.893,4305.5
225,4134.635,6318.955,4305.5
225,4066.131,6302.192,4305.5
225,4054.778,6298.669,4305.5
225,4051.011,6294.933,4305.5
225,4049.249,6290.891,4305.5
226,4700.838,6024.132,4290.5
226,4694.314,6019.945,4290.5
226,4672.921,6051.391,4290.5
226,4662.254,6067.391,4290.5
226,4645.927,6088.231,4290.5
226,4627.474,6109.408,4290.5
226,4625.895,6110.016,4290.5
226,4628.699,6112.84,4290.5
226,4644.94,6097.604,4290.5
226,4689.802,6039.284,4290.5
227,3346.48,4960.535,4020.5
227,3321.773,4959.221,4020.5
227,3320.694,4949.768,4020.5
227,3302.431,4949.489,4020.5
227,3300.892,4935.206,4020.5
227,3325.848,4932.367,4020.5
228,4454.718,6086.99,4260.5
228,4505.09,6037.5,4260.5
228,4489.424,5987.428,4260.5
228,4452.039,5979.378,4260.5
228,4404.118,6028.775,4260.5
229,3694.113,5678.035,3945.5
229,3724.903,5673.751,3945.5
229,3704.001,5650.439,3945.5
229,3693.849,5639.117,3945.5
229,3686.141,5640.84,3945.5
229,3674.566,5656.436,3945.5
230,3224.739,5158.915,4050.5
230,3253.912,5138.214,4050.5
230,3180.447,5031.224,4050.5
230,3159.208,5063.799,4050.5
231,3177.596,4996.132,4035.5
231,3188.1,5012.726,4035.5
231,3203.002,5005.514,4035.5
231,3189.545,4991.997,4035.5
232,4551.913,5558.089,4260.5
232,4549.589,5557.302,4260.5
232,4549.92,5554.222,4260.5
232,4546.703,5544.546,4260.5
232,4555.669,5535.465,4260.5
232,4555.464,5541.747,4260.5
232,4552.033,5552.977,4260.5
233,3173.472,6311.004,4575.5
233,3177.774,6311.856,4575.5
233,3192.109,6320.115,4575.5
233,3196.285,6318.096,4575.5
233,3201.929,6321.4,4575.5
233,3206.426,6327.549,4575.5
233,3209.913,6332.872,4575.5
233,3216.583,6337.53,4575.5
233,3215.288,6339.732,4575.5
233,3189.031,6321.693,4575.5
234,3780.456,5483.003,3945.5
234,3765.823,5497.492,3945.5
234,3747.299,5479.065,3945.5
234,3772.295,5473.941,3945.5
235,3270.395,6123.182,4575.5
235,3272.217,6118.985,4575.5
235,3258.877,6103.052,4575.5
235,3256.853,6108.308,4575.5
236,3311.965,5315.417,4080.5
236,3303.295,5321.762,4080.5
236,3304.755,5323.629,4080.5
236,3306.573,5326.426,4080.5
236,3308.297,5329.036,4080.5
236,3310.954,5331.833,4080.5
236,3313.284,5333.324,4080.5
236,3319.39,5340.595,4080.5
236,3326.76,5350.687,4080.5
236,3330.402,5355.056,4080.5
236,3335.136,5359.881,4080.5
236,3341.552,5365.214,4080.5
236,3338.005,5359.563,4080.5
236,3327.823,5343.341,4080.5
236,3315.926,5321.627,4080.5
237,4073.952,5486.567,3885.5
237,4072.342,5487.206,3885.5
237,4067.703,5464.895,3885.5
237,4074.046,5461.143,3885.5
237,4073.206,5480.111,3885.5
237,4075.281,5480.221,3885.5
238,3582.674,5257.666,3990.5
238,3569.756,5268.458,3990.5
238,3559.618,5258.241,3990.5
238,3557.044,5232.271,3990.5
238,3578.168,5232.271,3990.5
238,3578.517,5253.612,3990.5
239,3474.073,6462.443,4590.5
239,3473.12,6463.376,4590.5
239,3485.906,6475.235,4590.5
239,3491.245,6484.435,4590.5
239,3492.351,6483.039,4590.5
239,3487.056,6474.392,4590.5
240,3194.139,4644.289,4155.5
240,3195.295,4640.798,4155.5
240,3205.285,4638.416,4155.5
240,3220.056,4635.745,4155.5
240,3223.328,4632.814,4155.5
240,3225.176,4634.632,4155.5
240,3220.53,4638.882,4155.5
240,3217.034,4639.296,4155.5
241,3745.965,5633.406,3945.5
241,3761.266,5650.588,3945.5
241,3769.386,5642.464,3945.5
241,3781.811,5654.896,3945.5
241,3816.107,5643.353,3945.5
241,3821.992,5624.452,3945.5
241,3794.688,5629.579,3945.5
241,3779.46,5629.32,3945.5
241,3760.307,5616.989,3945.5
242,3812.235,5771.133,3945.5
242,3824.763,5760.931,3945.5
242,3840.577,5765.39,3945.5
242,3840.184,5778.947,3945.5
242,3826.732,5778.215,3945.5
242,3822.416,5782.501,3945.5
243,3944.712,5632.334,3945.5
243,3974.865,5657.736,3945.5
243,3959.807,5673.318,3945.5
243,3932.239,5645.751,3945.5
244,3145.258,6349.386,4575.5
244,3147.26,6346.662,4575.5
244,3143.364,6340.708,4575.5
244,3140.788,6333.623,4575.5
244,3135.743,6328.256,4575.5
244,3109.118,6315.913,4575.5
244,3096.644,6307.336,4575.5
244,3082.61,6291.743,4575.5
244,3056.49,6261.971,4575.5
244,3052.978,6265.13,4575.5
244,3087.131,6305.248,4575.5
244,3094.109,6311.714,4575.5
245,4555.669,5535.465,4260.5
245,4555.464,5541.747,4260.5
245,4562.387,5535.504,4260.5
245,4564.781,5524.088,4260.5
245,4566.644,5515.919,4260.5
245,4571.465,5506.135,4260.5
245,4567.201,5505.756,4260.5
246,3440.722,5053.798,4005.5
246,3411.765,5080.125,4005.5
246,3433.91,5101.978,4005.5
246,3444.774,5091.764,4005.5
246,3458.561,5079.368,4005.5
247,4069.191,4577.854,4260.5
247,4084.401,4587.937,4260.5
247,4082.863,4591.716,4260.5
247,4035.685,4556.757,4260.5
247,4029.394,4553.751,4260.5
247,4032.395,4550.512,4260.5
248,4032.857,5386.996,3885.5
248,4027.088,5384.062,3885.5
248,4001.821,5375.567,3885.5
248,4002.39,5379.23,3885.5
248,4012.866,5382.395,3885.5
248,4025.082,5387.028,3885.5
248,4031.432,5390.669,3885.5
249,3937.518,5748.696,3945.5
249,3948.935,5761.019,3945.5
249,3955.562,5754.859,3945.5
249,3973.467,5738.216,3945.5
249,3959.205,5727.281,3945.5
250,3457.243,6331.971,4575.5
250,3446.634,6317.658,4575.5
250,3429.559,6298.205,4575.5
250,3420.419,6293.815,4575.5
250,3410.294,6284.297,4575.5
250,3401.096,6266.462,4575.5
250,3389.863,6255.982,4575.5
250,3356.939,6216.732,4575.5
250,3354.042,6219.551,4575.5
250,3392.224,6263.475,4575.5
250,3416.426,6295.93,4575.5
250,3454.255,6333.421,4575.5
251,3763.021,5537.555,3945.5
251,3769.047,5543.378,3945.5
251,3780.979,5533.786,3945.5
252,4040.729,5394.748,3885.5
252,4031.432,5390.669,3885.5
252,4032.857,5386.996,3885.5
252,4047.526,5394.46,3885.5
252,4048.961,5395.665,3885.5
252,4047.418,5399.531,3885.5
253,3864.17,5653.598,3945.5
253,3860.04,5648.378,3945.5
253,3870.825,5631.586,3945.5
253,3877.278,5617.25,3945.5
253,3896.37,5611.835,3945.5
253,3927.581,5646.645,3945.5
253,3914.797,5659.478,3945.5
253,3906.388,5679.414,3945.5
253,3878.918,5667.363,3945.5
253,3872.068,5659.767,3945.5
254,3147.774,6245.274,4560.5
254,3138.733,6249.398,4560.5
254,3108.121,6218.729,4560.5
254,3088.949,6237.876,4560.5
254,3077.147,6225.075,4560.5
254,3025.018,6167.573,4560.5
254,3027.341,6160.413,4560.5
254,3046.288,6171.894,4560.5
254,3061.264,6184.997,4560.5
254,3078.736,6189.615,4560.5
254,3096.006,6188.76,4560.5
255,3078.22,6368.173,4590.5
255,3068.101,6362.607,4590.5
255,3062.798,6357.898,4590.5
256,4618.927,5868.487,4260.5
256,4607.805,5879.087,4260.5
256,4596.494,5899.712,4260.5
256,4589.158,5909.719,4260.5
256,4582.206,5920.34,4260.5
256,4583.93,5923.799,4260.5
256,4621.619,5870.974,4260.5
257,3241.389,6182.792,4560.5
257,3249.627,6184.646,4560.5
257,3260.707,6173.46,4560.5
257,3246.111,6158.588,4560.5
257,3239.062,6165.687,4560.5
257,3242.362,6169.289,4560.5
258,3784.591,5740.265,3945.5
258,3781.187,5745.154,3945.5
258,3769.244,5733.073,3945.5
258,3740.1,5724.047,3945.5
258,3742.425,5718.26,3945.5
258,3748.065,5713.072,3945.5
258,3754.741,5706.933,3945.5
259,3140.015,4892.955,4035.5
259,3152.564,4884.474,4035.5
259,3143.245,4896.144,4035.5
260,4545.734,5168.479,4260.5
260,4494.446,5170.26,4260.5
260,4481.375,5165.744,4260.5
260,4480.668,5152.148,4260.5
260,4485.709,5152.185,4260.5
260,4488.029,5163.925,4260.5
260,4498.093,5167.998,4260.5
260,4510.233,5167.759,4260.5
260,4523.172,5167.119,4260.5
260,4532.917,5163.685,4260.5
260,4538.762,5159.895,4260.5
261,4509.985,4776.046,4245.5
261,4527.397,4801.807,4245.5
261,4562.89,4777.345,4245.5
261,4495.099,4673.41,4245.5
261,4485.911,4666.459,4245.5
261,4472.111,4660.286,4245.5
261,4453.629,4655.849,4245.5
261,4452.039,4659.084,4245.5
261,4481.716,4670.954,4245.5
261,4495.664,4680.748,4245.5
261,4500.709,4693.212,4245.5
261,4509.908,4709.831,4245.5
261,4535.628,4748.335,4245.5
261,4534.625,4755.644,4245.5
261,4529.752,4763.24,4245.5
261,4516.997,4767.969,4245.5
262,3159.822,4968.055,4035.5
262,3158.775,4985.693,4035.5
262,3144.87,4984.015,4035.5
262,3150.723,4953.68,4035.5
263,3196.323,4901.556,4035.5
263,3182.189,4907.131,4035.5
263,3198.907,4924.954,4035.5
263,3199.676,4914.674,4035.5
264,4708.888,5151.366,4260.5
264,4712.738,5170.737,4260.5
264,4716.771,5199.092,4260.5
264,4747.054,5171.75,4260.5
264,4734.523,5123.055,4260.5
264,4727.662,5128.436,4260.5
264,4721.786,5130.299,4260.5
264,4714.334,5132.305,4260.5
264,4709.031,5138.324,4260.5
265,2988.083,6216.363,4590.5
265,2985.747,6218.711,4590.5
265,2996.764,6230.741,4590.5
265,3001.621,6229.593,4590.5
265,2994.345,6220.775,4590.5
266,3217.705,6166.708,4560.5
266,3221.576,6162.804,4560.5
266,3210.952,6151.882,4560.5
266,3209.358,6153.442,4560.5
266,3212.635,6156.379,4560.5
267,4221.587,4914.277,4065.5
267,4211.104,4924.933,4065.5
267,4200.121,4913.812,4065.5
267,4211.188,4903.658,4065.5
267,4217.708,4911.114,4065.5
268,3099.607,6027.713,4560.5
268,3115.846,6040.486,4560.5
268,3121.02,6039.414,4560.5
268,3111.989,6030.057,4560.5
268,3092.062,6018.996,4560.5
269,3058.082,6290.135,4590.5
269,3054.817,6293.399,4590.5
269,3075.582,6315.811,4590.5
269,3088.965,6322.354,4590.5
269,3082.044,6313.082,4590.5
269,3078.977,6310.524,4590.5
269,3076.321,6308.374,4590.5
269,3067.595,6302.051,4590.5
270,4732.846,5507.446,4260.5
270,4728.883,5468.218,4260.5
270,4735.48,5461.922,4260.5
270,4746.403,5438.904,4260.5
270,4750.962,5451.798,4260.5
270,4778.04,5444.898,4260.5
270,4790.075,5493.169,4260.5
271,4027.871,6188.094,4275.5
271,4021.987,6179.205,4275.5
271,4017.14,6166.455,4275.5
271,4049.366,6160.259,4275.5
271,4085.067,6163.78,4275.5
271,4132.121,6155.593,4275.5
271,4133.376,6160.158,4275.5
271,4116.333,6168.18,4275.5
271,4107.019,6180.322,4275.5
271,4108.349,6196.123,4275.5
271,4113.007,6204.44,4275.5
271,4147.138,6210.235,4275.5
271,4148.321,6214.539,4275.5
272,4422.002,4735.237,4245.5
272,4431.01,4726.104,4245.5
272,4428.984,4702.067,4245.5
272,4436.535,4693.622,4245.5
272,4423.188,4688.492,4245.5
272,4410.066,4717.459,4245.5
272,4415.877,4731.873,4245.5
273,3136.529,4950.618,4035.5
273,3136.307,4930.907,4035.5
273,3150.723,4953.68,4035.5
274,3582.423,5591.486,3960.5
274,3594.101,5604.678,3960.5
274,3605.407,5593.887,3960.5
274,3593.762,5582.281,3960.5
275,3164.908,4622.825,4155.5
275,3167.452,4624.693,4155.5
275,3187.931,4617.549,4155.5
275,3187.1,4616.496,4155.5
276,3321.705,4537.526,4155.5
276,3317.077,4527.896,4155.5
276,3341.625,4500.464,4155.5
276,3352.24,4510.914,4155.5
276,3346.115,4520.391,4155.5
276,3342.333,4520.812,4155.5
276,3339.505,4521.809,4155.5
277,3159.822,4968.055,4035.5
277,3158.775,4985.693,4035.5
277,3171.998,4987.289,4035.5
278,3748.065,5713.072,3945.5
278,3732.185,5697.173,3945.5
278,3733.989,5683.885,3945.5
278,3724.903,5673.751,3945.5
278,3694.113,5678.035,3945.5
278,3738.763,5727.375,3945.5
278,3742.425,5718.26,3945.5
279,3597.165,5432.823,3960.5
279,3601.831,5434.737,3960.5
279,3595.643,5458.638,3960.5
279,3593.174,5478.201,3960.5
279,3593.076,5484.388,3960.5
279,3586.409,5476.924,3960.5
280,4143.43,4649.7,4260.5
280,4145.842,4647.347,4260.5
280,4159.252,4660.39,4260.5
280,4167.269,4668.872,4260.5
280,4171.617,4674.517,4260.5
280,4170.062,4676.052,4260.5
281,3790.432,5494.083,3945.5
281,3770.435,5514.168,3945.5
281,3779.747,5521.24,3945.5
281,3802.156,5516.577,3945.499
281,3817.143,5528.511,3945.5
281,3818.998,5525.808,3945.5
282,3493.423,5129.34,4005.5
282,3489.969,5136.944,4005.5
282,3489.078,5138.906,4005.5
282,3496.738,5132.507,4005.5
283,5049.365,5381.834,4410.5
283,5056.949,5409.209,4410.5
283,5081.513,5497.87,4410.5
283,5098.007,5559.781,4410.5
283,5090.946,5561.515,4410.5
283,5070.891,5469.528,4410.5
283,5060.942,5437.806,4410.5
283,5056.963,5424.582,4410.5
283,5044.84,5383.873,4410.5
284,3744.9,5696.054,3945.5
284,3751.187,5694.761,3945.5
284,3756.453,5693.678,3945.5
284,3750.294,5690.603,3945.5
284,3747.247,5676.411,3945.5
284,3733.989,5683.885,3945.5
285,3159.822,4968.055,4035.5
285,3172.711,4961.547,4035.5
285,3164.854,4945.775,4035.5
285,3152.266,4933.381,4035.5
285,3136.307,4930.907,4035.5
286,3574.463,5341.669,3975.5
286,3567.166,5370.264,3975.5
286,3566.774,5377.126,3975.5
286,3570.647,5372.625,3975.5
286,3577.202,5344.555,3975.5
287,3241.376,6089.971,4575.5
287,3242.468,6083.451,4575.5
287,3229.744,6068.253,4575.5
287,3226.614,6064.516,4575.5
287,3223.543,6068.847,4575.5
288,4187.212,4687.42,4260.5
288,4184.466,4690.305,4260.5
288,4170.062,4676.052,4260.5
288,4171.617,4674.517,4260.5
289,3197.332,6036.021,4575.5
289,3204.077,6042.893,4575.5
289,3206.697,6039.87,4575.5
289,3184.753,6012.063,4575.5
289,3163.498,5984.47,4575.5
289,3159.586,5987.78,4575.5
289,3168.05,5996.92,4575.5
289,3178.205,6015.54,4575.5
289,3185.653,6025.865,4575.5
290,3259.273,6371.761,4590.5
290,3260.588,6367.649,4590.5
290,3254.384,6367.772,4590.5
290,3240.663,6367.905,4590.5
290,3229.534,6367.652,4590.5
290,3217.712,6365.896,4590.5
290,3218.15,6371.859,4590.5
291,3993.656,5471.171,3885.5
291,3996.104,5469.643,3885.5
291,3990.838,5462.283,3885.5
291,3980.097,5443.878,3885.5
291,3974.086,5436.301,3885.5
291,3967.18,5427.008,3885.5
291,3966.215,5422.665,3885.5
291,3970.423,5407.149,3885.5
291,3958.345,5417.73,3885.5
292,3175.269,6250.816,4560.5
292,3189.713,6236.433,4560.5
292,3175.687,6222.526,4560.5
292,3161.337,6236.44,4560.5
293,3896.37,5611.835,3945.5
293,3877.278,5617.25,3945.5
293,3870.825,5631.586,3945.5
293,3855.737,5622.788,3945.5
293,3840.802,5627.42,3945.5
293,3833.721,5622.373,3945.5
293,3842.964,5616.929,3945.5
293,3854.109,5607.811,3945.5
293,3856.433,5599.349,3945.5
293,3864.364,5576.311,3945.5
294,3902.685,5238.969,3930.5
294,3915.361,5230.002,3930.5
294,3949.109,5210.354,3930.5
294,3944.925,5201.515,3930.5
294,3952.258,5196.674,3930.5
294,3942.762,5179.209,3930.5
294,3928.153,5193.292,3930.5
294,3915.417,5180.958,3930.5
294,3901.619,5195.067,3930.5
294,3915.494,5209.011,3930.5
294,3905.641,5220.438,3930.5
294,3896.21,5212.29,3930.5
294,3878.977,5186.471,3930.5
294,3875.277,5188.386,3930.5
294,3873.374,5189.371,3930.5
294,3851.914,5200.476,3930.5
294,3837.172,5208.105,3930.5
294,3852.299,5234.54,3930.5
294,3861.081,5225.211,3930.5
294,3890.072,5245.898,3930.5
295,4558.672,5182.055,4260.5
295,4574.021,5182.985,4260.5
295,4573.117,5191.006,4260.5
295,4491.87,5184.87,4260.5
295,4494.446,5170.26,4260.5
295,4545.734,5168.479,4260.5
296,3087.777,6365.375,4590.5
296,3079.521,6361.246,4590.5
296,3071.884,6355.054,4590.5
296,3059.863,6348.024,4590.5
296,3054.087,6344.806,4590.5
296,3053.061,6346.001,4590.5
296,3051.115,6350.115,4590.5
296,3103.97,6385.327,4590.5
296,3103.979,6379.892,4590.5
297,3397.067,4513.619,4155.5
297,3383.971,4500.487,4155.5
297,3378.695,4477.022,4155.5
297,3394.516,4475.288,4155.5
297,3394.416,4482.813,4155.5
297,3405.188,4493.369,4155.5
297,3412.576,4509.666,4155.5
298,3573.541,5524.364,3960.5
298,3564.226,5508.24,3960.5
298,3560.987,5491.911,3960.5
298,3554.672,5489.319,3960.5
298,3560.331,5467.214,3960.5
298,3582.575,5491.057,3960.5
299,4274.775,6245.462,4275.5
299,4273.879,6240.79,4275.5
299,4293.029,6238.353,4275.5
299,4293.57,6241.422,4275.5
300,3704.001,5650.439,3945.5
300,3713.043,5645.79,3945.5
300,3725.438,5651.117,3945.5
300,3733.356,5643.6,3945.5
300,3721.346,5631.356,3945.5
300,3693.849,5639.117,3945.5
301,3411.149,6354.333,4575.5
301,3420.917,6349.594,4575.5
301,3396.773,6332.04,4575.5
301,3393.477,6343.765,4575.5
302,3140.015,4892.955,4035.5
302,3152.564,4884.474,4035.5
302,3164.379,4869.681,4035.5
302,3140.023,4871.688,4035.5
302,3129.305,4882.383,4035.5
303,3178.456,4874.923,4035.5
303,3189.448,4865.07,4035.5
303,3187.474,4853.317,4035.5
303,3168.479,4860.051,4035.5
304,3617.142,5624.624,3960.5
304,3629.011,5635.729,3960.5
304,3637.382,5643.546,3960.5
304,3649.571,5652.784,3960.5
304,3646.62,5654.925,3960.5
304,3625.506,5639.105,3960.5
304,3614.611,5627.409,3960.5
305,3642.814,5617.538,3960.5
305,3670.105,5593.22,3960.5
305,3659.031,5584.918,3960.5
305,3610.201,5561.101,3960.5
305,3573.541,5524.364,3960.5
305,3569.987,5537.464,3960.5
306,2677.805,4475.42,4159
306,2668.397,4471.785,4159
306,2654.562,4462.423,4159
306,2652.717,4458.523,4159
306,2702.372,4462.653,4159
306,2690.407,4481.255,4159
306,2683.681,4478.596,4159
307,4116.192,5430.583,3885.5
307,4117.469,5429.369,3885.5
307,4115.015,5482.314,3885.5
307,4110.522,5482.078,3885.5
307,4111.698,5473.497,3885.5
307,4111.597,5455.119,3885.5
307,4110.89,5445.325,3885.5
308,3741.375,5585.1,3945.5
308,3774.082,5589.096,3945.5
308,3789.392,5574.542,3945.5
308,3757.465,5538.721,3945.5
308,3747.314,5528.49,3945.5
308,3723.207,5533.539,3945.5
308,3716.126,5543.527,3945.5
308,3739.347,5571.52,3945.5
309,3723.207,5533.539,3945.5
309,3716.126,5543.527,3945.5
309,3739.347,5571.52,3945.5
309,3728.308,5579.476,3945.5
309,3716.955,5567.893,3945.5
309,3703.778,5559.148,3945.5
309,3710.852,5536.126,3945.5
310,4483.803,5141.493,4260.5
310,4480.112,5141.435,4260.5
310,4479.868,5136.723,4260.5
310,4483.688,5136.745,4260.5
311,3127.099,4916.36,4035.5
311,3132.065,4910.142,4035.5
311,3122.372,4896.49,4035.5
311,3117,4899.841,4035.5
312,4745.229,5988.482,4305.5
312,4753.301,5974.565,4305.5
312,4774.295,5947.41,4305.5
312,4772.063,5945.13,4305.5
312,4755.804,5960.994,4305.5
312,4734.785,5973.762,4305.5
312,4714.152,5983.083,4305.5
312,4710.133,5992.128,4305.5
312,4703.265,6003.685,4305.5
312,4694.767,6010.798,4305.5
312,4702.288,6016.206,4305.5
312,4706.497,6010.767,4305.5
312,4726.13,5978.816,4305.5
313,3129.916,6402.602,4590.5
313,3132.348,6396.683,4590.5
313,3123.74,6391.533,4590.5
313,3118.542,6388.21,4590.5
313,3118.465,6394.874,4590.5
314,3202.142,6377.33,4590.5
314,3208.351,6371.883,4590.5
314,3218.15,6371.859,4590.5
314,3217.712,6365.896,4590.5
314,3209.607,6366.673,4590.5
314,3201.45,6367.746,4590.5
314,3195.497,6370.444,4590.5
315,3964.641,5761.464,3945.5
315,3941.101,5785.896,3945.5
315,3935.979,5805.729,3945.5
315,3934.447,5811.67,3945.5
315,3972.01,5818.486,3945.5
315,3986.961,5803.478,3945.5
315,3977.97,5794.372,3945.5
315,4002.988,5769.455,3945.5
315,3994.92,5755.239,3945.5
316,4143.43,4649.7,4260.5
316,4145.842,4647.347,4260.5
316,4121.764,4623.941,4260.5
316,4117.409,4623.953,4260.5
317,4728.938,5508.421,4260.5
317,4732.846,5507.446,4260.5
317,4737.4,5523.534,4260.5
317,4733.106,5525.128,4260.5
318,3990.642,5807.294,3945.5
318,3986.961,5803.478,3945.5
318,3977.97,5794.372,3945.5
318,4002.988,5769.455,3945.5
318,4014.976,5780.536,3945.5
319,4608.709,5171.372,4260.5
319,4621.527,5171.282,4260.5
319,4618.969,5155.925,4260.5
319,4612.501,5140.622,4260.5
319,4597.534,5126.428,4260.5
319,4593.519,5130.895,4260.5
319,4606.365,5162.106,4260.5
320,3380.351,5105.075,4005.5
320,3392.549,5093.182,4005.5
320,3416.794,5118.429,4005.5
320,3408.776,5133.467,4005.5
321,3368.771,4990.967,4020.5
321,3358.606,5002.957,4020.5
321,3369.842,5016.539,4020.5
321,3381.076,5007.767,4020.5
322,4456.892,6206.371,4275.5
322,4456.259,6201.944,4275.5
322,4465.277,6201.152,4275.5
322,4483.668,6199.65,4275.5
322,4484.142,6201.747,4275.5
323,3782.489,5778.501,3945.5
323,3803.626,5761.52,3945.5
323,3812.235,5771.133,3945.5
323,3822.416,5782.501,3945.5
323,3833.164,5794.503,3945.5
323,3830.51,5800.28,3945.5
323,3806.218,5805.003,3945.5
324,4000.611,5635.932,3960.5
324,3987.006,5625.178,3960.5
324,3982.8,5619.975,3960.5
324,3985.537,5617.23,3960.5
324,3999.547,5634.415,3960.5
325,3132.065,4910.142,4035.5
325,3122.372,4896.49,4035.5
325,3117,4899.841,4035.5
325,3109.302,4887.246,4035.5
325,3129.168,4861.92,4035.5
325,3187.474,4853.317,4035.5
325,3168.479,4860.051,4035.5
325,3164.379,4869.681,4035.5
325,3140.023,4871.688,4035.5
325,3129.305,4882.383,4035.5
325,3143.245,4896.144,4035.5
326,3368.771,4990.967,4020.5
326,3346.48,4960.535,4020.5
326,3321.773,4959.221,4020.5
326,3293.979,4976.793,4020.5
326,3309.037,4993.985,4020.5
326,3320.269,4988.356,4020.5
326,3329.083,4997.169,4020.5
326,3343.438,4984.619,4020.5
326,3358.606,5002.957,4020.5
327,4074.046,5461.143,3885.5
327,4072.045,5454.5,3885.5
327,4072.178,5439.385,3885.5
327,4070.321,5431.502,3885.5
327,4075.68,5424.23,3885.5
328,3114.151,6198.258,4560.5
328,3118.651,6197.477,4560.5
328,3112.215,6188.551,4560.5
329,4117.63,5425.874,3885.5
329,4113.999,5406.117,3885.5
329,4083.72,5372.744,3885.5
329,4082.564,5373.722,3885.5
329,4112.642,5406.684,3885.5
329,4116.678,5425.836,3885.5
330,4778.04,5444.898,4260.5
330,4750.962,5451.798,4260.5
330,4748.237,5444.091,4260.5
330,4754.638,5441.767,4260.5
330,4764.636,5435.572,4260.5
330,4768.875,5420.792,4260.5
330,4765.071,5404.6,4260.5
330,4757.355,5375.691,4260.5
330,4752.139,5366.019,4260.5
330,4743.01,5354.608,4260.5
330,4740.728,5350.044,4260.5
330,4739.098,5344.61,4260.5
330,4734.207,5330.373,4260.5
330,4725.527,5330.13,4260.5
330,4725.437,5320.51,4260.5
330,4748.676,5327.127,4260.5
331,3231.826,5169.202,4050.5
331,3260.684,5148.075,4050.5
331,3253.912,5138.214,4050.5
331,3224.739,5158.915,4050.5
332,3605.407,5593.887,3960.5
332,3593.762,5582.281,3960.5
332,3576.49,5562.933,3960.5
332,3544.138,5530.467,3960.5
332,3554.672,5489.319,3960.5
332,3560.987,5491.911,3960.5
332,3564.226,5508.24,3960.5
332,3573.541,5524.364,3960.5
332,3569.987,5537.464,3960.5
332,3636.823,5610.951,3960.5
332,3627.228,5613.528,3960.5
332,3617.285,5603.56,3960.5
332,3603.794,5615.628,3960.5
332,3594.101,5604.678,3960.5
333,4501.428,6025.59,4260.5
333,4527.544,5996.803,4260.5
333,4563.75,5945.463,4260.5
333,4577.104,5928.25,4260.5
333,4568.177,5891.854,4260.5
333,4517.251,5888.685,4260.5
333,4498.524,5915.187,4260.5
333,4496.159,5919.634,4260.5
333,4479.372,5951.204,4260.5
333,4452.039,5979.378,4260.5
333,4489.424,5987.428,4260.5
334,2956.449,6152.595,4560.5
334,2958.547,6146.061,4560.5
334,2964.973,6152.546,4560.5
334,2971.205,6159.965,4560.5
334,2982.469,6173.426,4560.5
334,3014.475,6213.502,4560.5
334,3011.796,6216.187,4560.5
334,3000.976,6205.125,4560.5
335,3648.271,5279.508,3975.5
335,3646.017,5276.008,3975.5
335,3656.251,5269.267,3975.5
335,3660.404,5271.693,3975.5
335,3655.662,5274.541,3975.5
336,4873.25,5643.299,4275.5
336,4876.644,5643.738,4275.5
336,4882.886,5563.212,4275.5
336,4880.057,5563.315,4275.5
336,4879.632,5569.527,4275.5
336,4879.692,5576.322,4275.5
336,4879.571,5592.61,4275.5
336,4876.532,5610.965,4275.5
337,3230.517,4629.748,4155.5
337,3228.358,4628.582,4155.5
337,3248.339,4612.721,4155.5
337,3251.465,4613.735,4155.5
338,4023.222,5508.808,3885.5
338,4012.984,5497.54,3885.5
338,4011.477,5499.043,3885.5
338,4025.232,5520.556,3885.5
338,4032.039,5513.669,3885.5
339,3697.418,5298.19,3960.5
339,3694.413,5294.848,3960.5
339,3673.906,5308.042,3960.5
339,3677.187,5315.123,3960.5
340,3576.49,5562.933,3960.5
340,3544.138,5530.467,3960.5
340,3540.61,5544.251,3960.5
340,3565.819,5572.729,3960.5
341,3277.901,5186.122,4065.5
341,3290.616,5130.067,4065.5
341,3286.48,5127.131,4065.5
341,3253.603,5149.534,4065.5
342,3177.633,4924.636,4035.5
342,3173.184,4937.37,4035.5
342,3194.629,4937.163,4035.5
342,3198.907,4924.954,4035.5
342,3182.189,4907.131,4035.5
342,3162.385,4915.063,4035.5
343,3864.364,5576.311,3945.5
343,3850.397,5560.763,3945.5
343,3845.233,5566.364,3945.5
343,3852.414,5572.803,3945.5
343,3857.734,5583.993,3945.5
343,3859.042,5591.768,3945.5
344,3865.819,5768.002,3945.5
344,3903.79,5759.994,3945.5
344,3909.152,5750.276,3945.5
344,3905.642,5747.316,3945.5
344,3896.208,5754.273,3945.5
344,3888.382,5757.779,3945.5
344,3880.811,5759.31,3945.5
344,3872.144,5760.344,3945.5
344,3861.03,5762.356,3945.5
345,3588.535,5320.55,3975.5
345,3608.739,5305.65,3975.5
345,3607.436,5301.422,3975.5
345,3583.358,5318.197,3975.5
345,3580.97,5327.579,3975.5
345,3585.652,5328.652,3975.5
346,4547.147,6109.201,4275.5
346,4537.571,6123.022,4275.5
346,4503.813,6154.045,4275.5
346,4498.337,6148.495,4275.5
346,4533.786,6120.241,4275.5
346,4545.124,6107.163,4275.5
347,4532.536,5296.003,4260.5
347,4540.385,5323.152,4260.5
347,4556.703,5310.455,4260.5
347,4570.053,5311.074,4260.5
347,4574.314,5317.589,4260.5
347,4586.133,5313.301,4260.5
347,4578.795,5285.999,4260.5
347,4563.182,5291.357,4260.5
347,4549.999,5309.38,4260.5
348,3769.047,5543.378,3945.5
348,3763.021,5537.555,3945.5
348,3757.465,5538.721,3945.5
348,3768.479,5551.078,3945.5
349,3164.908,4622.825,4155.5
349,3132.502,4632.068,4155.5
349,3132.875,4633.302,4155.5
349,3167.452,4624.693,4155.5
350,3345.425,5034.215,4020.5
350,3359.338,5020.38,4020.5
350,3370.474,5031.421,4020.5
350,3355.783,5045.368,4020.5
351,4477.099,6155.973,4275.5
351,4479.939,6158.788,4275.5
351,4455.227,6163.087,4275.5
351,4440.638,6165.06,4275.5
351,4440.201,6161.69,4275.5
352,4092.603,6259.989,4290.5
352,4094.694,6256.153,4290.5
352,4122.868,6264.531,4290.5
352,4122.841,6266.931,4290.5
353,4622.453,5224.965,4260.5
353,4625.862,5222.95,4260.5
353,4624.246,5202.497,4260.5
353,4625.252,5189.719,4260.5
353,4624.007,5181.77,4260.5
353,4621.527,5171.282,4260.5
353,4608.709,5171.372,4260.5
353,4613.865,5191.747,4260.5
354,3270.902,6225.77,4560.5
354,3288.487,6208.252,4560.5
354,3296.362,6216.082,4560.5
354,3295.498,6227.253,4560.5
354,3279.682,6234.777,4560.5
355,4733.106,5525.128,4260.5
355,4728.938,5508.421,4260.5
355,4710.16,5513.106,4260.5
355,4710.933,5520.861,4260.5
355,4713.881,5524.831,4260.5
355,4717.206,5526.322,4260.5
355,4722.594,5527.468,4260.5
355,4728.442,5527.125,4260.5
356,4008.103,5260.669,3900.5
356,4007.912,5294.658,3900.5
356,4005.318,5291.905,3900.5
356,4004.449,5283.646,3900.5
356,4004.069,5261.024,3900.5
357,4512.4,5779.589,4260.5
357,4502.268,5794.736,4260.5
357,4491.366,5790.984,4260.5
357,4499.481,5778.382,4260.5
358,3408.776,5133.467,4005.5
358,3416.794,5118.429,4005.5
358,3456.66,5159.944,4005.5
358,3459.2,5163.867,4005.5
358,3439.146,5180.62,4005.5
358,3444.957,5187.29,4005.5
358,3454.065,5201.599,4005.5
358,3449.697,5203.601,4005.5
358,3437.552,5187.145,4005.5
358,3417.972,5166.625,4005.5
358,3429.966,5154.632,4005.5
359,4225.982,6208.085,4275.5
359,4226.259,6217.737,4275.5
359,4191.074,6224.547,4275.5
359,4168.202,6219.192,4275.5
359,4169.595,6211.802,4275.5
359,4175.46,6210.189,4275.5
359,4182.38,6211.466,4275.5
359,4191.702,6210.575,4275.5
359,4203.437,6214.399,4275.5
359,4212.403,6213.08,4275.5
360,4567.402,5159.732,4260.5
360,4588.428,5183.858,4260.5
360,4558.672,5182.055,4260.5
360,4545.734,5168.479,4260.5
361,4094.033,5558.269,3885.5
361,4091.003,5561.237,3885.5
361,4086.956,5570.633,3885.5
361,4083.94,5575.889,3885.5
361,4081.958,5577.526,3885.5
361,4079.753,5578.289,3885.5
361,4081.464,5580.375,3885.5
361,4084.452,5580.292,3885.5
362,4674.656,5838.306,4260.5
362,4686.035,5821.47,4260.5
362,4666.276,5818.282,4260.5
363,3279.671,4580.008,4155.5
363,3274.453,4567.359,4155.5
363,3292.15,4542.837,4155.5
363,3290.009,4534.574,4155.5
363,3304.702,4524.06,4155.5
363,3309.981,4531.19,4155.5
363,3303.849,4537.235,4155.5
363,3311.415,4546.612,4155.5
363,3296.824,4559.497,4155.5
364,3741.375,5585.1,3945.5
364,3714.631,5598.218,3945.5
364,3697.636,5579.133,3945.5
364,3703.778,5559.148,3945.5
364,3716.955,5567.893,3945.5
364,3728.308,5579.476,3945.5
364,3739.347,5571.52,3945.5
365,3517.858,5158.427,3990.5
365,3535.932,5175.708,3990.5
365,3546.881,5165.474,3990.5
365,3528.821,5147.377,3990.5
366,3470.583,5170.536,3990.5
366,3475.979,5165.31,3990.5
366,3471.35,5149.316,3990.5
366,3462.071,5157.705,3990.5
367,3900.33,5484.532,3960.5
367,3915.326,5506.417,3960.5
367,3916.559,5505.5,3960.5
367,3901.852,5483.833,3960.5
368,3517.858,5158.427,3990.5
368,3537.078,5176.804,3990.5
368,3546.609,5186.335,3990.5
368,3535.856,5197.087,3990.5
368,3507.657,5168.677,3990.5
369,2581.528,5412.235,4560.5
369,2582.939,5398.572,4560.5
369,2616.663,5408.935,4560.5
369,2627.547,5405.949,4560.5
369,2650.161,5413.524,4560.5
369,2638.106,5411.79,4560.5
369,2631.89,5423.463,4560.5
369,2635.974,5431.339,4560.5
369,2622.573,5467.867,4560.5
369,2623.467,5479.028,4560.5
369,2618.077,5480.121,4560.5
370,4562.817,6093.241,4275.5
370,4597.711,6057.027,4275.5
370,4677.097,5941.873,4275.5
370,4676.77,5936.183,4275.5
370,4666.843,5945.459,4275.5
370,4655.432,5963.594,4275.5
370,4635.684,5991.954,4275.5
370,4624.286,6011.042,4275.5
370,4586.207,6061.962,4275.5
370,4558.848,6089.258,4275.5
371,3180.447,5031.224,4050.5
371,3260.684,5148.075,4050.5
371,3294.238,5125.056,4050.5
371,3204.646,5027.754,4050.5
372,3917.645,5771.125,3945.5
372,3903.79,5759.994,3945.5
372,3909.152,5750.276,3945.5
372,3923.647,5720.036,3945.5
372,3959.205,5727.281,3945.5
372,3937.518,5748.696,3945.5
372,3948.935,5761.019,3945.5
372,3955.562,5754.859,3945.5
372,3964.641,5761.464,3945.5
373,3281.35,4998.943,4020.5
373,3292.748,4988.165,4020.5
373,3268.268,4971.948,4020.5
373,3250.91,4987.294,4020.5
374,4210.373,6220.812,4275.5
374,4216.355,6229.332,4275.5
374,4226.259,6217.737,4275.5
375,3127.098,4666.447,4155.5
375,3132.824,4664.799,4155.5
375,3169.452,4647.211,4155.5
375,3184.804,4643.95,4155.5
375,3191.109,4642.064,4155.5
375,3191.672,4642.478,4155.5
375,3194.139,4644.289,4155.5
375,3169.576,4649.321,4155.5
375,3133.605,4666.588,4155.5
375,3127.673,4668.277,4155.5
376,3036.758,6247.536,4575.5
376,3052.978,6265.13,4575.5
376,3056.49,6261.971,4575.5
376,3047.979,6253.728,4575.5
376,3039.289,6245.037,4575.5
377,4979.584,5385.227,4365.5
377,4984.429,5408.656,4365.5
377,4983.385,5408.721,4365.5
377,4972.371,5366.74,4365.5
377,4975.622,5366.511,4365.5
378,3521.463,5381.043,3975.5
378,3527.643,5386.39,3975.5
378,3533.41,5361.095,3975.5
378,3527.021,5354.082,3975.5
379,4578.795,5285.999,4260.5
379,4571.249,5257.921,4260.5
379,4532.536,5296.003,4260.5
379,4549.999,5309.38,4260.5
379,4563.182,5291.357,4260.5
380,4478.055,5776.381,4260.5
380,4466.389,5799.645,4260.5
380,4477.477,5805.706,4260.5
380,4476.223,5819.452,4260.5
380,4490.506,5820.914,4260.5
380,4518.545,5780.163,4260.5
380,4512.4,5779.589,4260.5
380,4502.268,5794.736,4260.5
380,4491.366,5790.984,4260.5
380,4499.481,5778.382,4260.5
381,4792.002,5499.781,4260.5
381,4790.075,5493.169,4260.5
381,4732.846,5507.446,4260.5
381,4737.4,5523.534,4260.5
381,4746.756,5516.386,4260.5
381,4755.726,5513.656,4260.5
381,4765.476,5508.392,4260.5
381,4775.42,5508.587,4260.5
381,4784.78,5506.832,4260.5
381,4793.3,5507.164,4260.5
382,3256.938,4934.498,4020.5
382,3284.467,4965.931,4020.5
382,3302.431,4949.489,4020.5
382,3300.892,4935.206,4020.5
382,3325.848,4932.367,4020.5
382,3328.169,4927.598,4020.5
382,3302.435,4893.719,4020.5
383,4778.04,5444.898,4260.5
383,4778.663,5405.756,4260.5
383,4786.847,5404.428,4260.5
383,4776.727,5363.813,4260.5
383,4751.479,5338.37,4260.5
384,3804.289,5363.198,3960.5
384,3825.229,5358.63,3960.5
384,3832.399,5374.564,3960.5
384,3844.844,5390.232,3960.5
384,3842.362,5392.7,3960.5
384,3833.008,5384.14,3960.5
384,3829.502,5377.351,3960.5
384,3815.228,5363.077,3960.5
385,4075.68,5424.23,3885.5
385,4079.654,5424.386,3885.5
385,4079.762,5422.877,3885.5
385,4077.939,5420.761,3885.5
386,3271.944,5010.638,4020.5
386,3281.35,4998.943,4020.5
386,3250.91,4987.294,4020.5
387,4481.693,5833.722,4260.5
387,4486.498,5834.871,4260.5
387,4494.24,5822.611,4260.5
387,4490.506,5820.914,4260.5
388,3658.067,5347.125,3960.5
388,3661.178,5349.431,3960.5
388,3668.699,5337.256,3960.5
388,3672.026,5325.167,3960.5
388,3665.109,5328.527,3960.5
389,3320.269,4988.356,4020.5
389,3329.083,4997.169,4020.5
389,3318.736,5005.061,4020.5
389,3309.037,4993.985,4020.5
390,4878.841,5541.145,4275.5
390,4883.076,5539.997,4275.5
390,4877.743,5518.549,4275.5
390,4874.093,5521.766,4275.5
391,4526.888,5785.531,4260.5
391,4518.545,5780.163,4260.5
391,4490.506,5820.914,4260.5
391,4494.24,5822.611,4260.5
391,4508.072,5804.079,4260.5
392,3024.226,6260.38,4590.5
392,3054.817,6293.399,4590.5
392,3052.99,6294.61,4590.5
392,3048.28,6290.812,4590.5
392,3035.682,6285.922,4590.5
392,3026.314,6287.625,4590.5
392,3020.511,6291.276,4590.5
392,3008.969,6268.399,4590.5
393,3779.424,5534.113,3945.5
393,3767.151,5529.577,3945.5
393,3751.648,5511.804,3945.5
393,3741.198,5522.206,3945.5
393,3747.314,5528.49,3945.5
393,3757.465,5538.721,3945.5
394,3642.814,5617.538,3960.5
394,3670.105,5593.22,3960.5
394,3659.031,5584.918,3960.5
394,3610.201,5561.101,3960.5
394,3573.541,5524.364,3960.5
394,3569.987,5537.464,3960.5
395,3607.62,5390.063,3960.5
395,3615.053,5391.775,3960.5
395,3618.816,5374.524,3960.5
395,3612.013,5372.372,3960.5
396,3332.615,5066.745,4020.5
396,3351.155,5049.941,4020.5
396,3332.063,5041.15,4020.5
396,3309.189,5012.329,4020.5
396,3318.736,5005.061,4020.5
396,3309.037,4993.985,4020.5
396,3304.165,4996.951,4020.5
396,3292.748,4988.165,4020.5
396,3281.35,4998.943,4020.5
396,3293.757,5014.865,4020.5
396,3284.208,5024.249,4020.5
396,3327.326,5072.1,4020.5
397,3750.294,5690.603,3945.5
397,3747.247,5676.411,3945.5
397,3762.726,5672.649,3945.5
397,3770.979,5681.372,3945.5
397,3769.281,5691.039,3945.5
397,3756.453,5693.678,3945.5
398,4226.055,4944.983,4065.5
398,4236.465,4951.493,4065.5
398,4246.678,4939.24,4065.5
398,4238.012,4929.421,4065.5
398,4228.671,4920.018,4065.5
398,4221.587,4914.277,4065.5
398,4211.104,4924.933,4065.5
398,4200.121,4913.812,4065.5
398,4211.188,4903.658,4065.5
398,4201.507,4892.538,4065.5
398,4189.964,4881.349,4065.5
398,4184.784,4884.128,4065.5
398,4193.652,4892.834,4065.5
398,4193.323,4902.53,4065.5
398,4195.623,4912.554,4065.5
398,4200.058,4921.428,4065.5
398,4205.971,4930.466,4065.5
398,4212.499,4933.673,4065.5
398,4222.037,4940.179,4065.5
399,4226.054,4725.815,4260.5
399,4228.548,4722.745,4260.5
399,4214.09,4713.527,4260.5
399,4205.395,4704.736,4260.5
399,4202.13,4707.783,4260.5
399,4212.152,4717.7,4260.5
400,3371.977,5032.852,4005.5
400,3395.771,5061.396,4005.5
400,3424.153,5033.03,4005.5
400,3400.747,5003.854,4005.5
401,3171.998,4987.289,4035.5
401,3183.458,4968.835,4035.5
401,3197.375,4971.964,4035.5
401,3229.679,4967.434,4035.5
401,3224.67,4961.563,4035.5
401,3213.432,4951.294,4035.5
401,3204.132,4937.343,4035.5
401,3198.907,4924.954,4035.5
401,3194.629,4937.163,4035.5
401,3173.184,4937.37,4035.5
401,3164.854,4945.775,4035.5
401,3172.711,4961.547,4035.5
401,3159.822,4968.055,4035.5
402,2868.796,6058.79,4560.5
402,2871.45,6056.057,4560.5
402,2836.677,6017.332,4560.5
402,2834.592,5999.954,4560.5
402,2833.757,5985.556,4560.5
402,2834.592,5971.992,4560.5
402,2835.002,5968.237,4560.5
402,2831.104,5951.2,4560.5
402,2829.007,5928.796,4560.5
402,2823.327,5865.058,4560.5
402,2788.313,5796.075,4560.5
402,2785.594,5799.966,4560.5
402,2819.897,5865.239,4560.5
402,2833.39,6020.919,4560.5
403,4482.29,5843.883,4260.5
403,4475.825,5842.25,4260.5
403,4481.693,5833.722,4260.5
403,4486.498,5834.871,4260.5
404,3247.269,4541.886,4155.5
404,3246.856,4560.187,4155.5
404,3231.976,4561.385,4155.5
404,3232.239,4552.13,4155.5
405,3364.521,4497.515,4155.5
405,3361.626,4478.892,4155.5
405,3356.261,4479.943,4155.5
405,3355.844,4490.211,4155.5
406,3346.115,4520.391,4155.5
406,3365.992,4518.177,4155.5
406,3364.521,4497.515,4155.5
406,3341.625,4500.464,4155.5
406,3352.24,4510.914,4155.5
407,3046.559,6400.608,4590.5
407,3043.047,6404.114,4590.5
407,3041.007,6402.346,4590.5
407,3024.025,6383.087,4590.5
407,3028.013,6378.827,4590.5
408,4481.19,5124.887,4260.5
408,4477.6,5125.066,4260.5
408,4479.868,5136.723,4260.5
408,4483.688,5136.745,4260.5
409,4593.519,5130.895,4260.5
409,4597.534,5126.428,4260.5
409,4594.77,5127.33,4260.5
409,4594.003,5128.991,3945.5
410,3294.238,5125.056,4050.5
410,3204.646,5027.754,4050.5
410,3250.214,5021.221,4050.5
410,3246.224,5029.79,4050.5
410,3244.685,5035.453,4050.5
410,3244.453,5050.007,4050.5
410,3250.556,5058.771,4050.5
410,3255.228,5062.513,4050.5
410,3262.026,5061.414,4050.5
410,3270.071,5069.993,4050.5
410,3286.574,5101.974,4050.5
410,3294.716,5111.703,4050.5
410,3307.975,5109.197,4050.5
410,3310.984,5113.567,4050.5
411,3317.077,4527.896,4155.5
411,3341.625,4500.464,4155.5
411,3336.813,4501.085,4155.5
411,3323.145,4510.864,4155.5
411,3310.462,4519.94,4155.5
412,3909.152,5750.276,3945.5
412,3923.647,5720.036,3945.5
412,3959.205,5727.281,3945.5
412,4000.977,5699.093,3945.5
412,4020.809,5697.444,3945.5
412,3989.572,5662.605,3945.5
412,3938.106,5699.439,3945.5
412,3916.554,5702.88,3945.5
412,3915.768,5720.873,3945.5
412,3912.418,5738.211,3945.5
412,3905.642,5747.316,3945.5
413,4234.546,6224.932,4275.5
413,4226.259,6217.737,4275.5
413,4216.355,6229.332,4275.5
413,4233.876,6254.283,4275.5
413,4274.775,6245.462,4275.5
413,4273.879,6240.79,4275.5
413,4258.91,6242.312,4275.5
413,4247.54,6240.363,4275.5
414,3672.785,5573.617,3960.5
414,3673.352,5552.226,3960.5
414,3642.105,5514.952,3960.5
414,3617.951,5512.235,3960.5
415,3171.587,5025.306,4050.5
415,3180.447,5031.224,4050.5
415,3167.812,5027.666,4050.5
416,4573.117,5191.006,4260.5
416,4574.021,5182.985,4260.5
416,4588.428,5183.858,4260.5
416,4608.709,5171.372,4260.5
416,4614.481,5194.131,4260.5
417,4148.321,6214.539,4275.5
417,4168.202,6219.192,4275.5
417,4169.595,6211.802,4275.5
417,4147.138,6210.235,4275.5
418,3492.351,6483.039,4590.5
418,3531.136,6548.871,4590.5
418,3557.122,6573.872,4590.5
418,3566.079,6590.408,4590.5
418,3591.867,6603.597,4590.5
418,3590.428,6605.793,4590.5
418,3564.732,6591.88,4590.5
418,3555.306,6574.646,4590.5
418,3529.492,6549.824,4590.5
418,3491.245,6484.435,4590.5
419,4122.868,6264.531,4290.5
419,4132.128,6266.041,4290.5
419,4136.555,6267.338,4290.5
419,4150.106,6270.866,4290.5
419,4149.067,6272.952,4290.5
419,4122.841,6266.931,4290.5
420,3132.875,4633.302,4155.5
420,3132.502,4632.068,4155.5
420,3114.021,4637.34,4155.5
420,3097.563,4645.184,4155.5
420,3098.105,4647.086,4155.5
420,3115.031,4638.802,4155.5
421,2973.847,6204.596,4605.5
421,2977.025,6207.765,4605.5
421,2970.879,6215.15,4605.5
421,2966.931,6211.545,4605.5
422,4882.886,5563.212,4275.5
422,4880.057,5563.316,4275.5
422,4881.151,5551.89,4275.5
422,4878.841,5541.145,4275.5
422,4883.076,5539.997,4275.5
422,4883.29,5540.854,4275.5
422,4884.303,5544.932,4275.5
423,3725.077,5274.024,3960.5
423,3724.24,5272.881,3960.5
423,3694.413,5294.848,3960.5
423,3697.418,5298.19,3960.5
423,3713.053,5291.641,3960.5
423,3713.834,5287.246,3960.5
423,3715.101,5283.652,3960.5
424,3092.062,6018.996,4560.5
424,3111.989,6030.057,4560.5
424,3121.02,6039.414,4560.5
424,3140.476,6030.94,4560.5
424,3127.321,6016.374,4560.5
424,3124.986,6004.311,4560.5
424,3111.55,5995.856,4560.5
424,3105.811,5991.079,4560.5
424,3098.671,6011.556,4560.5
424,3087.367,6012.707,4560.5
425,3311.415,4546.612,4155.5
425,3303.849,4537.235,4155.5
425,3309.981,4531.19,4155.5
425,3304.702,4524.06,4155.5
425,3310.462,4519.94,4155.5
425,3317.077,4527.896,4155.5
425,3321.705,4537.526,4155.5
426,3531.766,5333.668,3975.5
426,3535.406,5336.465,3975.5
426,3539.032,5318.977,3975.5
426,3537.391,5318.64,3975.5
427,3515.941,4479.095,4140.5
427,3507.954,4462.877,4140.5
427,3521.351,4466.194,4140.5
427,3535.878,4464.627,4140.5
427,3582.032,4459.629,4140.5
427,3639.809,4457.001,4140.5
427,3641.623,4471.277,4140.5
427,3643.392,4485.198,4140.5
427,3644.781,4496.138,4140.5
427,3645.092,4498.582,4140.5
427,3635.537,4496.85,4140.5
427,3607.354,4491.741,4140.5
427,3560.564,4498.779,4140.5
427,3503.561,4503.579,4140.5
428,4011.477,5499.043,3885.5
428,4012.984,5497.54,3885.5
428,3996.104,5469.643,3885.5
428,3993.656,5471.171,3885.5
429,4586.133,5313.301,4260.5
429,4588.012,5320.293,4260.5
429,4586.517,5321.774,4260.5
429,4574.314,5317.589,4260.5
430,3656.251,5269.267,3975.5
430,3660.404,5271.693,3975.5
430,3666.681,5265.517,3975.5
430,3672.459,5262.949,3975.5
430,3675.211,5262.307,3975.5
430,3682.026,5263.158,3975.5
430,3675.269,5256.739,3975.5
431,4819.792,5653.451,4260.5
431,4831.32,5636.547,4260.5
431,4833.265,5614.003,4260.5
431,4815.534,5602.352,4260.5
431,4814.235,5614.748,4260.5
431,4810.548,5644.077,4260.5
432,3352.99,5051.988,4005.5
432,3378.229,5078.271,4005.5
432,3395.771,5061.396,4005.5
432,3371.977,5032.852,4005.5
433,4548.492,5767.489,4260.5
433,4526.888,5785.531,4260.5
433,4518.545,5780.163,4260.5
433,4528.228,5766.09,4260.5
434,3582.011,5214.692,3990.5
434,3596.04,5235.784,3990.5
434,3606.75,5225.229,3990.5
434,3613.027,5219.016,3990.5
434,3597.374,5203.337,3990.5
435,3251.465,4613.735,4155.5
435,3259.537,4604.083,4155.5
435,3257.381,4602.788,4155.5
435,3248.339,4612.721,4155.5
436,3211.92,4603.753,4155.5
436,3209.666,4602.699,4155.5
436,3200.223,4612.753,4155.5
436,3187.1,4616.496,4155.5
436,3187.931,4617.549,4155.5
436,3198.985,4614.708,4155.5
436,3202.28,4613.59,4155.5
437,3913.461,5630.896,3945.5
437,3921.104,5622.933,3945.5
437,3909.427,5599.961,3945.5
437,3889.333,5604.025,3945.5
437,3896.37,5611.835,3945.5
438,4785.554,5703.653,4260.5
438,4819.792,5653.451,4260.5
438,4810.548,5644.077,4260.5
438,4807.093,5654.319,4260.5
438,4794.052,5672.233,4260.5
438,4782.482,5684.746,4260.5
438,4778.717,5689.717,4260.5
438,4774.514,5695.653,4260.5
439,4519.079,6193.059,4275.5
439,4500.656,6196.554,4275.5
439,4483.668,6199.65,4275.5
439,4484.142,6201.747,4275.5
439,4519.707,6195.666,4275.5
439,4589.415,6135.273,4275.5
439,4587.108,6132.757,4275.5
439,4576.559,6143.372,4275.5
439,4567.837,6152.578,4275.5
439,4560.327,6159.2,4275.5
439,4555.966,6160.089,4275.5
439,4543.206,6169.376,4275.5
439,4535.291,6178.017,4275.5
439,4530.446,6182.54,4275.5
440,3854.174,5663.737,3945.5
440,3858.344,5667.875,3945.5
440,3869.125,5666.323,3945.5
440,3878.918,5667.363,3945.5
440,3872.068,5659.767,3945.5
440,3864.17,5653.598,3945.5
441,3028.013,6378.827,4590.5
441,3024.025,6383.087,4590.5
441,3005.356,6359.718,4590.5
441,2997.272,6329.259,4590.5
441,3000.594,6325.059,4590.5
441,3004,6334.077,4590.5
441,3011.356,6358.951,4590.5
442,3260.748,4532.699,4155.5
442,3247.269,4541.886,4155.5
442,3246.856,4560.187,4155.5
442,3231.976,4561.385,4155.5
442,3231.73,4570.038,4155.5
442,3243.486,4572.017,4155.5
442,3247.396,4565.778,4155.5
442,3250.745,4563.202,4155.5
442,3254.266,4562.858,4155.5
442,3260.208,4562.999,4155.5
442,3267.819,4552.126,4155.5
443,3304.702,4524.06,4155.5
443,3323.145,4510.864,4155.5
443,3306.512,4497.164,4155.5
443,3290.847,4510.222,4155.5
444,4307.733,6233.39,4275.5
444,4315.584,6232.591,4275.5
444,4325.462,6230.701,4275.5
444,4336.344,6228.249,4275.5
444,4331.341,6233.338,4275.5
444,4293.57,6241.422,4275.5
444,4293.029,6238.353,4275.5
444,4301.101,6235.67,4275.5
445,4422.002,4735.237,4245.5
445,4431.01,4726.104,4245.5
445,4428.984,4702.067,4245.5
445,4436.535,4693.622,4245.5
445,4454.259,4700.912,4245.5
445,4451.776,4712.716,4245.5
445,4462.267,4730.499,4245.5
445,4441.126,4751.467,4245.5
445,4434.234,4741.955,4245.5
446,3188.1,5012.726,4035.5
446,3177.596,4996.132,4035.5
446,3142.321,5000.428,4035.5
446,3163.99,5034.351,4035.5
447,4029.394,4553.751,4260.5
447,4032.395,4550.512,4260.5
447,3996.562,4517.854,4260.5
447,3990.313,4524.34,4260.5
447,4023.89,4551.121,4260.5
448,4870.345,5488.796,4275.5
448,4866.938,5489.552,4275.5
448,4861.124,5464.037,4275.5
448,4864.007,5463.303,4275.5
449,4558.9,5151.168,4260.5
449,4567.402,5159.732,4260.5
449,4581.277,5146.146,4260.5
449,4583.051,5141.708,4260.5
449,4576.372,5143.424,4260.5
449,4571.979,5144.522,4260.5
449,4565.619,5146.895,4260.5
450,4470.598,5089.08,4260.5
450,4477.6,5125.066,4260.5
450,4481.19,5124.887,4260.5
450,4479.304,5122.575,4260.5
450,4473.005,5086.641,4260.5
451,3267.819,4552.126,4155.5
451,3277.156,4543.771,4155.5
451,3290.009,4534.574,4155.5
451,3277.942,4520.981,4155.5
451,3260.748,4532.699,4155.5
452,3364.521,4497.515,4155.5
452,3355.844,4490.211,4155.5
452,3340.985,4492.927,4155.5
452,3332.328,4484.633,4155.5
452,3323.338,4486.395,4155.5
452,3314.413,4493.989,4155.5
452,3306.512,4497.164,4155.5
452,3323.145,4510.864,4155.5
452,3336.813,4501.085,4155.5
452,3341.625,4500.464,4155.5
453,3229.941,4992.477,4035.5
453,3236.654,4978.347,4035.5
453,3232.629,4974.21,4035.5
453,3229.679,4967.434,4035.5
453,3197.375,4971.964,4035.5
453,3183.458,4968.835,4035.5
453,3171.998,4987.289,4035.5
453,3177.596,4996.132,4035.5
453,3189.545,4991.997,4035.5
453,3203.002,5005.514,4035.5
454,4092.603,6259.989,4290.5
454,4054.23,6251.18,4290.5
454,4058.306,6247.897,4290.5
454,4094.694,6256.153,4290.5
455,4132.121,6155.593,4275.5
455,4175.058,6138.007,4275.5
455,4205.43,6126.122,4275.5
455,4233.647,6099.317,4275.5
455,4235.678,6101.43,4275.5
455,4205.41,6129.996,4260.5
455,4187.683,6138.665,4275.5
455,4147.759,6153.489,4279.092
455,4133.376,6160.158,4275.5
456,3474.073,6462.443,4590.5
456,3473.12,6463.376,4590.5
456,3442.197,6434.699,4590.5
456,3443.552,6433.915,4590.5
457,3721.346,5631.356,3945.5
457,3733.356,5643.6,3945.5
457,3761.266,5650.588,3945.5
457,3745.965,5633.406,3945.5
457,3740.292,5627.036,3945.5
458,3515.976,5231.091,3990.5
458,3555.684,5209.589,3990.5
458,3557.044,5232.271,3990.5
458,3559.618,5258.241,3990.5
458,3569.756,5268.458,3990.5
458,3560.728,5276,3990.5
458,3551.308,5273.646,3990.5
459,4508.688,5900.804,4260.5
459,4513.459,5893.968,4260.5
459,4510.91,5886.812,4260.5
459,4510.604,5881.858,4260.5
459,4503.444,5880.752,4260.5
459,4496.734,5878.516,4260.5
459,4491.303,5872.605,4260.5
459,4487.31,5866.455,4260.5
459,4484.378,5857.558,4260.5
459,4470.32,5859.852,4260.5
459,4457.408,5880.999,4260.5
459,4451.636,5877.406,4260.5
459,4448.633,5881.771,4260.5
459,4455.177,5897.2,4260.5
460,3180.447,5031.224,4050.5
460,3204.646,5027.754,4050.5
460,3250.214,5021.221,4050.5
460,3248.674,5016.049,4050.5
460,3239.502,5002.521,4050.5
460,3217.769,5002.524,4050.5
460,3208.034,5002.524,4050.5
460,3189.216,5014.287,4050.5
461,3180.447,5031.224,4050.5
461,3167.812,5027.666,4050.5
461,3147.974,5040.224,4050.5
461,3145.216,5042.076,4050.5
461,3159.208,5063.799,4050.5
461,3160.996,5061.057,4050.5
462,3239.502,5002.521,4050.5
462,3217.769,5002.524,4050.5
462,3217.75,4996.918,4050.5
462,3235.165,4996.123,4050.5
463,4281.941,6059.169,4275.5
463,4283.377,6060.718,4275.5
463,4266.392,6071.355,4275.5
463,4235.678,6101.43,4275.5
463,4233.647,6099.317,4275.5
463,4265.496,6069.064,4275.5
464,3740.292,5627.036,3945.5
464,3721.346,5631.356,3945.5
464,3711.401,5610.367,3945.5
464,3720.732,5605.069,3945.5
465,3582.423,5591.486,3960.5
465,3593.762,5582.281,3960.5
465,3576.49,5562.933,3960.5
465,3565.819,5572.729,3960.5
466,3938.37,5658.677,3945.5
466,3925.903,5671.145,3945.5
466,3914.797,5659.478,3945.5
466,3927.581,5646.645,3945.5
467,4636.994,5278.494,4260.5
467,4635.638,5273.111,4260.5
467,4614.994,5293.563,4260.5
467,4627.05,5301.316,4260.5
467,4629.516,5295.656,4260.5
467,4631.266,5291.64,4260.5
467,4632.778,5288.171,4260.5
467,4634.528,5284.154,4260.5
468,4588.428,5183.858,4260.5
468,4608.709,5171.372,4260.5
468,4606.365,5162.106,4260.5
468,4593.519,5130.895,4260.5
468,4590.549,5132.442,4260.5
468,4585.757,5134.938,4260.5
468,4581.277,5146.146,4260.5
468,4567.402,5159.732,4260.5
469,4774.295,5947.41,4305.5
469,4798.983,5910.364,4305.5
469,4795.155,5907.479,4305.5
469,4772.063,5945.13,4305.5
470,3088.949,6237.876,4560.5
470,3108.121,6218.729,4560.5
470,3138.733,6249.398,4560.5
470,3123.591,6256.304,4560.5
470,3116.394,6268.056,4560.5
471,3390.364,5248.157,4065.5
471,3382.995,5237.295,4065.5
471,3379.427,5232.168,4065.5
471,3374.854,5228.221,4065.5
471,3370.67,5224.424,4065.5
471,3365.147,5221.574,4065.5
471,3355.94,5222.021,4065.5
471,3347.911,5219.25,4065.5
471,3338.698,5210.11,4065.5
471,3330.396,5198.679,4065.5
471,3320.765,5187.506,4065.5
471,3316.98,5177.15,4065.5
471,3320.407,5169.277,4065.5
471,3322.048,5165.943,4065.5
471,3318.693,5164.46,4065.5
471,3305.948,5163.389,4065.5
471,3300.847,5155.311,4065.5
471,3295.928,5161.759,4065.5
471,3312.844,5179.384,4065.5
471,3309.051,5233.026,4065.5
471,3339.446,5278.795,4065.5
472,3243.486,4572.017,4155.5
472,3231.73,4570.038,4155.5
472,3218.583,4593.026,4155.5
472,3209.666,4602.699,4155.5
472,3211.92,4603.753,4155.5
472,3223.319,4594.527,4155.5
472,3233.194,4582.848,4155.5
472,3239.377,4577.781,4155.5
473,4627.698,5241.592,4260.5
473,4630.93,5238.484,4260.5
473,4625.862,5222.95,4260.5
473,4622.453,5224.965,4260.5
473,4624.421,5232.581,4260.5
474,3470.583,5170.536,3990.5
474,3475.979,5165.31,3990.5
474,3471.35,5149.316,3990.5
474,3487.711,5134.524,3990.5
474,3517.858,5158.427,3990.5
474,3507.657,5168.677,3990.5
474,3535.856,5197.087,3990.5
474,3546.609,5186.335,3990.5
474,3535.932,5175.708,3990.5
474,3546.881,5165.474,3990.5
474,3551.977,5159.584,3990.5
474,3559.723,5166.432,3990.5
474,3567.323,5173.237,3990.5
474,3597.374,5203.337,3990.5
474,3582.011,5214.692,3990.5
474,3569.413,5202.154,3990.5
474,3515.976,5231.091,3990.5
474,3489.989,5199.792,3990.5
475,4877.743,5518.549,4275.5
475,4874.093,5521.766,4275.5
475,4866.938,5489.552,4275.5
475,4870.345,5488.796,4275.5
476,3462.071,5157.705,3990.5
476,3470.583,5170.536,3990.5
476,3487.492,5196.028,3990.5
476,3464.74,5218.918,3990.5
476,3459.349,5212.435,3990.5
476,3436.332,5180.016,3990.5
477,4588.541,4875.651,4245.5
477,4532.192,4798.502,4245.5
477,4527.397,4801.807,4245.5
477,4494.188,4824.696,4245.5
477,4459.627,4777.001,4245.5
477,4441.207,4822.524,4245.5
477,4416.569,4818.868,4245.5
477,4397.588,4837.409,4245.5
477,4413.252,4858.91,4245.5
477,4456.905,4902.462,4245.5
477,4487.946,4928.211,4245.5
477,4524.258,4945.049,4245.5
477,4531.066,4944.37,4245.5
477,4519.563,4899.327,4245.5
478,5292.361,5608.837,4425.5
478,5284.036,5636.708,4425.5
478,5250.071,5637.483,4425.5
478,5249.03,5640.519,4425.5
478,5268.114,5639.981,4425.5
478,5284.894,5639.166,4425.5
478,5290.271,5629.712,4425.5
478,5291.9,5618.629,4425.5
478,5294.946,5612.492,4425.5
479,3555.684,5209.589,3990.5
479,3569.413,5202.154,3990.5
479,3582.011,5214.692,3990.5
479,3596.04,5235.784,3990.5
479,3606.75,5225.229,3990.5
479,3611.854,5230.374,3990.5
479,3602.693,5240.942,3990.5
479,3582.674,5257.666,3990.5
479,3578.517,5253.612,3990.5
479,3578.168,5232.271,3990.5
479,3557.044,5232.271,3990.5
480,4058.133,5408.977,3885.5
480,4066.073,5416.228,3885.5
480,4069.568,5420.339,3885.5
480,4070.321,5431.502,3885.5
480,4075.68,5424.23,3885.5
480,4077.939,5420.761,3885.5
480,4077.225,5419.152,3885.5
480,4076.96,5414.486,3885.5
480,4072.923,5403.932,3885.5
480,4070.47,5402.602,3885.5
480,4063.265,5406.325,3885.5
481,3840.577,5765.39,3945.5
481,3840.184,5778.947,3945.5
481,3826.732,5778.215,3945.5
481,3822.416,5782.501,3945.5
481,3833.164,5794.503,3945.5
481,3858.09,5789.626,3945.5
481,3865.819,5768.002,3945.5
481,3852.771,5753.35,3945.5
482,4545.734,5168.479,4260.5
482,4567.402,5159.732,4260.5
482,4558.9,5151.168,4260.5
482,4538.762,5159.895,4260.5
483,3147.449,6073.199,4560.5
483,3150.612,6070.073,4560.5
483,3121.02,6039.414,4560.5
483,3115.846,6040.486,4560.5
484,3096.006,6188.76,4560.5
484,3106.107,6199.787,4560.5
484,3114.151,6198.258,4560.5
484,3112.215,6188.551,4560.5
484,3108.27,6184.01,4560.5
485,3027.341,6160.413,4560.5
485,3025.018,6167.573,4560.5
485,3004.027,6144.49,4560.5
485,2993.819,6134.287,4560.5
485,2998.22,6132.981,4560.5
485,3002.257,6133.704,4560.5
486,4150.106,6270.866,4290.5
486,4149.067,6272.952,4290.5
486,4174.034,6278.683,4290.5
486,4177.054,6275.309,4290.5
487,4722.066,5307.4,4260.5
487,4725.437,5320.51,4260.5
487,4748.676,5327.127,4260.5
487,4722.648,5222.677,4260.5
487,4720.552,5229.233,4260.5
487,4719.172,5234.981,4260.5
487,4718.369,5247.996,4260.5
487,4721.337,5269.254,4260.5
487,4722.066,5272.899,4260.5
487,4728.626,5294.523,4260.5
488,3791.444,5684.479,3945.5
488,3779.891,5689.933,3945.5
488,3770.979,5681.372,3945.5
488,3773.896,5664.771,3945.5
489,4468.731,5827.02,4260.5
489,4459.345,5836.501,4260.5
489,4450.257,5830.946,4260.5
489,4459.32,5813.741,4260.5
490,2553.604,4351.597,4159
490,2556.04,4346.374,4159
490,2557.693,4341.325,4159
490,2552.613,4338.569,4159
490,2516.898,4319.837,4159
490,2499.31,4310.516,4159
490,2496.872,4310.083,4159
490,2467.824,4288.715,4159
490,2441.587,4272.797,4159
490,2420.599,4264.169,4159
490,2385.233,4252.837,4159
490,2369.815,4237.923,4159
490,2358.514,4228.885,4159
490,2353.248,4224.201,4159
490,2338.756,4217.354,4159
490,2330.617,4215.013,4159
490,2315.357,4210.716,4159
490,2301.892,4208.333,4159
490,2302.3,4205.464,4159
490,2339.137,4216.607,4159
490,2353.299,4223.381,4159
490,2370.504,4237.031,4159
490,2385.521,4251.928,4159
490,2412.698,4260.654,4159
490,2443.025,4272.18,4159
490,2468.681,4287.723,4159
490,2499.31,4310.516,4159
490,2535.941,4329.853,4159
490,2589.2,4356.617,4159
490,2628.306,4368.199,4159
490,2645.088,4374.666,4159
490,2658.677,4389.228,4159
490,2663.998,4392.423,4159
490,2671.448,4394.909,4159
490,2675.706,4397.487,4159
490,2684.622,4403.422,4159
490,2690.308,4408.129,4159
490,2698.467,4413.759,4159
490,2701.983,4415.167,4159
490,2711.83,4417.841,4159
490,2727.335,4420.661,4159
490,2702.372,4462.653,4159
490,2660.271,4421.923,4159
490,2659.729,4427.413,4159
490,2657.267,4434.31,4159
490,2652.638,4442.077,4159
490,2646.728,4449.801,4159
490,2642.972,4445.274,4159
490,2630.51,4435.124,4159
490,2618.047,4427.439,4159
490,2605.642,4419.052,4159
490,2591.829,4407.271,4159
490,2582.546,4395.943,4159
490,2569.186,4387.333,4159
490,2553.789,4379.857,4159
490,2547.902,4376.686,4159
490,2551.878,4364.735,4159
490,2551.342,4362.478,4159
490,2551.606,4359.703,4159
490,2552.421,4354.534,4159
491,3844.844,5390.232,3960.5
491,3842.362,5392.7,3960.5
491,3849.32,5406.927,3960.5
491,3851.358,5404.837,3960.5
491,3847.371,5393.413,3960.5
492,4762.218,5087.494,4260.5
492,4747.893,5092.836,4260.5
492,4719.042,5039.019,4260.5
492,4730.024,5021.076,4260.5
493,3129.916,6402.602,4590.5
493,3136.901,6397.797,4590.5
493,3132.348,6396.683,4590.5
494,3250.91,4987.294,4020.5
494,3268.268,4971.948,4020.5
494,3280.471,4961.368,4020.5
494,3256.938,4934.498,4020.5
494,3228.868,4962.832,4020.5
495,4847.036,5413.872,4275.5
495,4851.271,5412.085,4275.5
495,4847.092,5395.277,4275.5
495,4843.143,5395.946,4275.5
495,4845.037,5404.784,4275.5
496,3655.026,5366.109,3960.5
496,3661.178,5349.431,3960.5
496,3658.067,5347.125,3960.5
496,3651.84,5357.884,3960.5
496,3647.472,5365.432,3960.5
497,2916.393,6212.532,4605.5
497,2919.228,6209.759,4605.5
497,2928.038,6218.021,4605.5
497,2940.711,6228.177,4605.5
497,2942.654,6230.963,4605.5
497,2945.515,6232.988,4605.5
497,2940.929,6237.548,4605.5
